breed,fg_percentage_mean,fg_percentage_std,fg_percentage_min,fg_percentage_max,boundary_percentage_mean,boundary_percentage_std,boundary_percentage_min,boundary_percentage_max,bg_percentage_mean,bg_percentage_std,bg_percentage_min,bg_percentage_max,mask_coverage_mean,mask_coverage_std,count
acadian_flycatcher,11.487879636601802,6.050619044933884,2.4384384384384385,28.482151589242054,4.98575396437108,3.7677773221087048,1.2992,25.52223888055972,83.52636639902711,8.387808197772873,54.99500249875062,95.66506666666666,0.16473633600972884,0.08387808197772874,59
american_crow,15.64906293585928,7.9560230716833065,2.1447447447447447,43.2528,4.188286450504869,1.8004994015884779,1.5195195195195195,10.001066666666667,80.16265061363585,9.23712107574346,46.74613333333333,96.33573573573574,0.1983734938636415,0.0923712107574346,60
american_goldfinch,9.880047355121183,5.492588702874599,0.0024024024024024023,26.80701754385965,3.310679662454601,1.6720698450616982,1.0344,11.398387096774194,86.80927298242422,6.425023670018831,68.46608187134503,96.4656,0.13190727017575785,0.06425023670018831,60
american_pipit,8.084159645451537,4.62287346383296,0.0,18.697297297297297,5.508625769251874,5.146125402639344,1.2392857142857143,30.76265060240964,86.40721458529659,7.605121664684777,55.41746987951807,96.66785714285714,0.1359278541470341,0.07605121664684777,60
american_redstart,9.115448014176083,4.724242076686818,1.7294871794871796,27.117167381974248,5.320100787927596,3.0746401240194823,1.184,17.723929471032747,85.56445119789632,6.485034374497533,64.0519313304721,95.78742857142858,0.14435548802103682,0.06485034374497534,60
american_three_toed_woodpecker,15.13433127741413,7.8001402746769015,0.4779220779220779,46.324376850240675,5.348124545456337,3.380359967429375,1.4670164189254833,22.918536009445102,79.51754417712954,8.471147239079443,48.69645130430197,92.82084912076168,0.2048245582287047,0.08471147239079442,50
anna_hummingbird,10.637713209275619,5.606568157468833,0.0,22.535860058309037,4.474723086150244,5.719537883361206,1.178978978978979,38.108108108108105,84.88756370457413,7.429008039983459,60.66426426426426,96.36576576576577,0.1511243629542586,0.07429008039983458,60
artic_tern,10.148965036826098,6.069729653830697,0.0,25.204444444444444,9.33593008174125,5.1944796111511,2.458858858858859,30.926382978723403,80.51510488143265,7.8374754008483665,64.83123123123123,93.8066066066066,0.19484895118567347,0.07837475400848365,58
baird_sparrow,9.434297489589534,7.328048819181107,0.0,33.77142857142857,7.469550107589412,4.448074681774973,2.6101408450704224,23.41496598639456,83.09615240282106,9.15065095916481,54.950204081632656,94.10666666666667,0.16903847597178945,0.0915065095916481,50
baltimore_oriole,10.151889687310588,6.286162362437621,1.3960339943342777,36.429429429429426,4.05623092999335,2.5282582348209948,1.247983870967742,15.702702702702704,85.79187938269607,7.806032999129939,55.85945945945946,95.79238095238095,0.14208120617303938,0.07806032999129939,60
bank_swallow,6.211892853710751,5.371915866078707,0.0,25.161061946902656,6.294687359342586,5.2339281973650005,1.2416,24.41741741741742,87.49341978694666,5.709374520877618,70.62595870206489,96.43146666666667,0.12506580213053337,0.05709374520877618,59
barn_swallow,10.996950262349838,6.911857951507516,0.84258872651357,44.9065,5.7238971395669695,3.833494429961474,1.2163366336633663,19.517365269461077,83.27915259808319,8.922278936061254,43.339,97.28977035490605,0.16720847401916808,0.08922278936061254,60
bay_breasted_warbler,9.76489822014892,5.8966852917920844,0.0,29.115953307392996,7.278601317200988,5.0373341683867325,1.6776119402985075,25.485885885885885,82.9565004626501,7.329867764538254,60.65136186770428,94.54865671641791,0.17043499537349904,0.07329867764538255,60
belted_kingfisher,7.764316661020203,4.484087354517161,1.375,20.847594936708862,3.317579604345372,1.5561396455876093,1.307379134860051,8.5936,88.91810373463441,5.685292454723769,74.92303797468354,97.2155,0.11081896265365575,0.05685292454723768,60
bewick_wren,9.169143673828573,6.050810532190221,1.6714666666666667,33.23325942350333,6.478338171075301,4.745997733176416,1.6334426229508197,29.103903903903905,84.35251815509612,9.825054135154488,47.03183183183183,96.42390804597702,0.1564748184490387,0.09825054135154487,60
black_and_white_warbler,10.678114729330911,5.885791161961397,2.277124183006536,31.179527559055117,7.120059647014286,4.093256332728883,2.046376811594203,22.419422572178476,82.2018256236548,8.703322872901023,46.40104986876641,95.15,0.177981743763452,0.08703322872901022,60
black_billed_cuckoo,9.397277406967373,6.870699515545656,0.0,43.44819129368486,6.077250751344059,5.240214289955592,1.3222222222222222,28.92614379084967,84.52547184168857,8.218504866744441,46.21213979153893,96.66491228070176,0.15474528158311432,0.0821850486674444,60
black_capped_vireo,11.36241017124052,9.692299417238258,0.0,51.590402804659824,5.9729879144751905,4.058186560266074,1.2010582010582012,19.874131944444443,82.66460191428429,11.328059715880086,31.194536756381698,95.98359788359788,0.1733539808571571,0.11328059715880086,51
black_footed_albatross,12.078505707644558,9.487261260767225,0.0,45.342612942612945,5.91669407867582,5.9181219328773365,1.0028901734104045,35.68528528528528,82.00480021367962,11.482761751946713,46.04297924297924,98.18323699421966,0.17995199786320376,0.11482761751946714,60
black_tern,6.153903382483668,5.735485858874478,0.0,21.04361649724598,9.236571056954093,7.033787126885427,1.1218579234972677,31.266666666666666,84.60952556056223,7.541771371490036,67.00842105263158,94.65850746268657,0.1539047443943776,0.07541771371490036,60
black_throated_blue_warbler,11.033102201370683,7.993872030548921,0.0,53.17057057057057,7.592815871811556,4.513601425417756,1.8942528735632185,25.420068027210885,81.37408192681777,9.709283004228494,33.9039039039039,93.97235772357723,0.1862591807318224,0.09709283004228493,59
black_throated_sparrow,8.016733829514951,5.500285216200937,0.0,20.772506082725062,6.0757682266798225,5.176361209680024,1.3605333333333334,29.51317365269461,85.90749794380523,7.323308397202112,65.75182481751825,96.71093333333333,0.14092502056194775,0.07323308397202113,60
blue_grosbeak,8.423090901361519,4.511211274613762,0.0,19.96063492063492,4.047761180739889,3.678158352672823,0.9712,20.90892857142857,87.5291479178986,5.383433561843946,74.66031746031746,97.18666666666667,0.12470852082101408,0.05383433561843946,60
blue_headed_vireo,8.390527207751836,5.222665984425901,0.0,30.057703081232493,4.971305661114485,4.692801230430894,1.114792899408284,27.351149425287357,86.63816713113368,6.937279042096559,63.14713216957606,97.22342342342343,0.13361832868866322,0.06937279042096559,60
blue_jay,12.416566326744675,6.350023452692183,3.087466666666667,33.1872,4.1296206755076295,2.61468069307326,1.2004166666666667,18.846,83.45381299774769,7.8767116840639595,57.3296,94.91291666666666,0.16546187002252305,0.0787671168406396,60
blue_winged_warbler,8.61810121814666,9.369421985508833,0.0,46.761561561561564,6.076351003578611,3.3329374587426837,1.3755102040816327,17.46846846846847,85.30554777827473,10.108813398570353,48.56576576576577,96.91351351351351,0.1469445222172527,0.10108813398570353,60
boat_tailed_grackle,10.872354977910287,6.533356226818751,0.0,33.72505747126437,5.063435266075373,3.8712003892883997,1.4197604790419163,25.009732360097324,84.06420975601434,6.908950544095365,61.74850574712644,95.84726224783861,0.15935790243985662,0.06908950544095366,60
bobolink,8.863992127344462,5.636974787589637,0.0,23.2576,4.837980035113087,3.933796666504912,1.026751592356688,18.029253731343285,86.29802783754245,7.319961285178947,66.11992385786802,96.1583864118896,0.1370197216245755,0.07319961285178947,60
bohemian_waxwing,12.114266646383129,7.805883256403611,0.0,40.287032967032964,10.139210708480958,6.806004720583058,2.009,30.26020942408377,77.74652264513591,10.000145291372602,46.322637362637366,93.86072607260726,0.22253477354864087,0.10000145291372602,60
brandt_cormorant,16.49212173355681,11.28453643753541,1.5854117647058823,49.631662269129286,3.4513947172594808,1.4817653003267903,1.1138823529411765,9.995795795795797,80.05648354918371,11.768118979654012,47.00606060606061,97.30070588235294,0.19943516450816293,0.11768118979654013,59
brewer_blackbird,13.640256010053204,7.1731000024055005,3.4074074074074074,44.852266666666665,3.6042397738664964,2.6533100230998787,1.1946107784431137,17.711160714285715,82.7555042160803,8.089081278343583,52.6336,94.93652694610779,0.172444957839197,0.08089081278343582,59
brewer_sparrow,8.399596398020188,5.1542146900671435,0.0,30.284444444444443,7.408138222011731,5.711140493471869,1.4300653594771242,22.43905013192612,84.19226537996808,8.283904022999845,55.55111111111111,95.84923747276689,0.1580773462003192,0.08283904022999844,59
bronzed_cowbird,10.914324107270705,6.140723122741069,0.0,30.211834319526627,5.941398915120589,4.649452365162975,1.1261261261261262,26.483,83.14427697760871,8.197978654341206,61.21653333333333,96.76276276276276,0.16855723022391295,0.08197978654341206,60
brown_creeper,8.610160493682848,4.794047435864898,0.0,20.478078078078077,4.923917613281644,3.798831133612491,1.6738738738738739,19.471746031746033,86.46592189303551,5.303720879257314,68.72552552552553,94.40900900900901,0.13534078106964492,0.05303720879257314,59
brown_pelican,15.033306643798609,6.9097921683892976,1.488,40.91077844311377,5.032765163382217,3.9863257165077224,1.3525333333333334,20.599375,79.93392819281917,7.737838433905522,56.28443113772455,95.8624,0.20066071807180827,0.07737838433905522,60
brown_thrasher,6.537280620670217,5.302473095203674,0.0,20.708715596330276,9.759550398204912,6.864070071778565,2.395820895522388,31.67268170426065,83.70316898112488,7.941063860054127,55.60712166172107,95.54026666666667,0.16296831018875127,0.07941063860054126,59
cactus_wren,10.357870824501827,5.911346208623028,2.056,27.256533333333334,7.031446938528436,4.277395280067295,1.0602666666666667,21.398809523809526,82.61068223696974,9.05613229884139,58.0256,96.88373333333334,0.17389317763030263,0.0905613229884139,60
california_gull,10.60991886266084,6.1776190472874175,0.0,26.051666666666666,4.1248183226555994,3.1535511586641647,1.1909333333333334,17.6,85.26526281468357,6.839323058921904,68.61875,96.23543543543543,0.1473473718531644,0.06839323058921905,60
canada_warbler,10.327585098951568,10.169817879864649,0.0004,57.26140350877193,7.3147136343632555,4.190805216505905,1.5366812227074236,20.025465838509316,82.35770126668517,12.069814689319871,34.19078947368421,96.19656862745099,0.17642298733314823,0.1206981468931987,60
cape_glossy_starling,11.500089037997663,5.78903107685138,0.0,25.926933333333334,5.08821413151778,2.496203983883263,2.0564383561643838,13.95645933014354,83.41169683048456,7.02297120630854,66.17871148459383,95.64213333333333,0.16588303169515445,0.0702297120630854,60
cape_may_warbler,10.81443646205927,7.3186382450223455,2.433608815426997,34.07573333333333,6.965814187336703,4.27932366872341,1.034989200863931,17.475301204819278,82.21974935060402,9.777407362820654,58.623931623931625,96.30885529157668,0.17780250649395973,0.09777407362820653,60
cardinal,11.47578760625087,6.8481772058230295,0.0432,29.775675675675675,8.605596658137625,8.055395409274032,1.7872527472527473,32.336533333333335,79.91861573561151,9.561116940445455,55.28287292817679,93.96087912087913,0.20081384264388494,0.09561116940445454,57
carolina_wren,11.155785296491315,5.67331990781456,2.1889196675900275,27.03229461756374,7.489287581650124,5.0002098611809025,2.2384384384384384,25.23392405063291,81.35492712185855,9.150232658108578,58.915733333333336,93.66366366366367,0.18645072878141442,0.09150232658108577,60
caspian_tern,9.7207634282797,6.653208074936286,0.0605,40.059431524547804,6.970362939646226,4.83786662240628,1.5873873873873874,22.85988372093023,83.30887363207407,9.288409147783469,45.95142118863049,96.6915,0.16691126367925926,0.09288409147783468,60
cedar_waxwing,9.609537392778565,6.132038470442034,0.0,25.965,6.036638417590423,4.108407995973076,1.8112,23.87563025210084,84.35382418963101,7.420109302182925,68.8547215496368,95.9872,0.15646175810368987,0.07420109302182924,60
cerulean_warbler,9.992412258348589,5.697186395170289,0.0,29.874869109947642,11.241107246428912,7.122144896806949,2.1480597014925373,35.06043956043956,78.76648049522251,9.277766062685934,41.760989010989015,93.7584,0.21233519504777496,0.09277766062685934,60
chestnut_sided_warbler,9.953626997099901,8.429851165760805,0.0,44.02375,7.945393993557876,4.6695566615094934,1.9916883116883117,23.77177177177177,82.10097900934223,10.938634449168417,44.353125,94.86025641025641,0.17899020990657777,0.10938634449168418,60
chipping_sparrow,9.1894236137438,7.725456535550753,0.0,42.691648822269805,5.188340187511712,3.1276785306120503,1.5941489361702128,20.47494356659142,85.62223619874449,9.00635919651427,47.481798715203425,96.37173333333334,0.14377763801255514,0.09006359196514269,60
chuck_will_widow,20.053658281858162,11.229166606511134,0.0,47.95757575757576,10.30553767100976,9.388900080570421,2.065139949109415,47.5216,69.64080404713208,12.46462874033069,34.17515151515151,88.78587570621468,0.3035919595286792,0.12464628740330691,56
clark_nutcracker,11.93148400580839,7.00404999908515,0.0,27.563771712158808,5.001362690757863,3.2667362780888696,1.9130666666666667,19.03181818181818,83.06715330343374,7.575488545591056,63.94739454094293,94.37706666666666,0.16932846696566253,0.07575488545591057,60
clay_colored_sparrow,9.661786627925926,5.24187554226456,1.6498659517426273,24.314375,6.789674447299979,4.475100784986346,2.0128686327077747,24.47848837209302,83.54853892477409,7.596442060850888,62.18232044198895,96.3372654155496,0.164514610752259,0.07596442060850889,59
cliff_swallow,11.772181876545881,8.228049993432107,1.7232876712328766,37.6036036036036,6.729682717665076,4.612061976981952,1.212987012987013,27.598198198198197,81.49813540578904,10.842833525385638,47.09429429429429,95.61194805194805,0.18501864594210957,0.10842833525385638,60
common_raven,14.276639511411854,8.000005637290197,1.636923076923077,37.5892,8.879519793062247,6.528406017719914,2.358080808080808,29.777494692144373,76.8438406955259,10.290950918555504,49.12213333333333,92.54114114114114,0.23156159304474103,0.10290950918555504,59
common_tern,8.262287405317537,5.432045931731343,1.0967930029154518,29.95795795795796,7.326982596257122,4.081448227996176,2.0052478134110787,21.530380151069807,84.41072999842534,7.78914891963246,54.171171171171174,96.89795918367346,0.15589270001574657,0.0778914891963246,60
common_yellowthroat,9.500836114104317,5.912379160978329,2.82827763496144,35.41532091097309,7.949161447566856,5.2675644277689875,2.17247311827957,26.672,82.55000243832883,8.92387664578993,46.242133333333335,94.5579746835443,0.17449997561671174,0.08923876645789931,60
crested_auklet,16.656892936754733,10.961002953817648,0.0,54.98293963254593,8.172462006066779,9.825676094292833,0.6596330275229357,59.712,75.17064505717849,14.115991505180004,38.69028871391076,96.60642201834862,0.24829354942821513,0.14115991505180003,44
dark_eyed_junco,12.89422166299158,9.235067571886987,0.0984984984984985,47.74186666666667,3.6344741358355517,2.429273045361828,1.4520958083832336,17.124688279301747,83.47130420117287,10.373196756073089,44.316266666666664,95.30930930930931,0.1652869579882713,0.10373196756073089,60
downy_woodpecker,15.249091453161482,6.853594426171006,5.381944444444445,38.30869565217391,4.92526240907653,3.112072285212128,1.7047619047619047,18.057066666666667,79.82564613776199,8.556595724051821,51.22298136645963,92.8337962962963,0.20174353862238012,0.0855659572405182,60
eared_grebe,9.437418128671023,5.114916908013292,2.5843843843843843,29.1744,2.7922770601070015,1.3566741311987398,1.279028697571744,6.069669669669669,87.77030481122198,5.974925808374062,66.8864,95.31782945736434,0.12229695188778025,0.05974925808374061,60
eastern_towhee,10.104851633992357,5.5232446864513705,1.8901333333333334,28.91893333333333,3.9321600695770185,2.0539080766092233,1.3069069069069068,10.632,85.96298829643062,6.7986206327984515,65.88106666666667,96.01261261261261,0.14037011703569377,0.06798620632798452,60
elegant_tern,8.55080736649196,5.005594668904071,0.0,23.3696,6.251682936925529,4.429549930468585,1.5285,21.097313432835822,85.19750969658251,6.8617513996354935,65.80059701492537,95.72297734627831,0.14802490303417487,0.06861751399635493,60
european_goldfinch,10.607168631651213,6.899642185078275,0.0,35.065847234416154,5.440822416695682,5.857342381154812,0.9512893982808023,32.946133333333336,83.95200895165311,9.58412232958222,41.10513608428446,96.56,0.16047991048346896,0.09584122329582222,60
evening_grosbeak,12.378070496969915,5.635718238822041,0.12912912912912913,26.09917355371901,3.789761499067903,2.55374092732313,1.4292134831460674,17.928491620111732,83.83216800396218,6.274634910923447,66.72947658402204,93.664,0.1616783199603782,0.06274634910923446,60
field_sparrow,8.30596172067684,5.985090930808436,0.0,25.123934426229507,6.170634846275221,5.888848735507533,1.0101479915433405,33.188795518207286,85.52340343304793,7.401249090277526,63.089777777777776,94.71747967479675,0.1447659656695206,0.07401249090277526,59
fish_crow,13.977341872591088,9.642465610222374,2.7190361445783133,56.086486486486486,5.77657320057532,4.752454299950599,1.4015957446808511,19.579028132992327,80.24608492683359,12.551853021491977,34.44444444444444,95.79951807228916,0.19753915073166406,0.12551853021491977,60
florida_jay,10.323182930593187,5.228954040650115,1.6709555171093633,23.994594594594595,4.946263945235618,3.498590859526436,0.8490470028931567,26.351820728291315,84.7305531241712,6.909340350128225,63.2515406162465,97.47999747999748,0.15269446875828807,0.06909340350128225,60
forsters_tern,9.108422740122567,5.255506542086157,0.004804804804804805,28.721921921921922,6.899006134278953,4.129319031307693,2.38562874251497,22.276276276276278,83.99257112559847,7.340476386354499,61.19452887537994,94.50299401197604,0.1600742887440152,0.07340476386354498,60
fox_sparrow,11.759543102639046,6.350099512057584,1.0214492753623188,27.968533333333333,7.173735269725941,4.575601645516928,1.9111111111111112,21.022222222222222,81.066721627635,8.045020673470509,60.97159763313609,95.9981981981982,0.18933278372364987,0.08045020673470508,60
frigatebird,12.114560439231893,10.27326258331931,1.645508982035928,54.978,5.957216902841838,6.59760173355039,1.1654237288135594,28.13388888888889,81.92822265792627,13.777001567477154,30.4405,96.93173652694611,0.18071777342073728,0.13777001567477154,60
gadwall,12.672002808188433,7.00374986139887,0.3005,32.13706666666667,6.332049425613223,7.662131701771535,1.2432432432432432,44.514114114114115,80.99594776619834,9.849708427007565,52.983783783783785,94.2054054054054,0.19004052233801658,0.09849708427007565,60
geococcyx,9.202811896851664,4.976970103322763,1.2521384928716903,23.269411764705882,6.384776484255003,2.7317542557818313,1.3285333333333333,17.028266666666667,84.41241161889334,6.707220717218258,67.99529411764706,97.31201629327903,0.15587588381106665,0.06707220717218258,60
glaucous_winged_gull,14.597845780440965,6.837570859109428,2.7572289156626506,40.66826666666667,4.3572616024296975,3.12483336554804,1.3797333333333333,21.19594936708861,81.04489261712934,7.924760397897138,55.070933333333336,95.85963855421687,0.18955107382870662,0.07924760397897139,59
golden_winged_warbler,10.412526791602192,6.2102557083867085,2.5410764872521248,26.36423118865867,8.214864908749165,5.506869108414689,1.6322946175637394,26.801066666666667,81.37260829964865,10.07954033504921,51.97841726618705,95.82662889518413,0.1862739170035136,0.1007954033504921,59
grasshopper_sparrow,9.608681147558494,6.805630594657012,1.0086124401913876,32.63146666666667,5.879550651767616,3.7252227448787534,1.6778443113772454,19.043119266055047,84.5117682006739,8.458683151280596,58.098090163092145,94.86805194805194,0.15488231799326113,0.08458683151280597,60
gray_catbird,9.620986089264672,5.6676694438723265,0.0,21.85165165165165,7.6549802288857105,7.024840817714265,1.4747826086956521,35.09468187439879,82.72403368184962,8.091948002842022,63.74933333333333,96.92985507246377,0.17275966318150385,0.08091948002842021,59
gray_crowned_rosy_finch,12.730630600831631,6.113584885174965,1.5811623246492985,25.32176165803109,4.679595766668031,3.9089805972296534,0.6735483870967742,23.488888888888887,82.58977363250034,7.269462846780142,67.44508393285372,97.33204301075268,0.17410226367499665,0.07269462846780142,59
gray_kingbird,9.665390264410398,5.022003985572735,0.5269565217391304,25.546285714285716,3.8794316217334472,1.9116398921355158,0.9946107784431137,11.240869565217391,86.45517811385615,5.986481704924416,70.908,97.70479041916168,0.13544821886143846,0.05986481704924416,59
great_crested_flycatcher,10.515876500002504,5.907652771622968,1.4551495016611296,28.578151260504203,5.121893031677813,4.244417041763686,1.0882591093117409,21.20646551724138,84.36223046831968,8.5745988734682,55.37616580310881,95.7502024291498,0.15637769531680318,0.08574598873468202,60
great_grey_shrike,8.202557939446319,4.790675651965714,1.0767477203647415,20.544622425629292,5.3778721298261996,3.4856338701922764,1.3615615615615615,14.313829787234043,86.41956993072748,6.565876686116898,67.03600248292986,96.8078078078078,0.1358043006927252,0.06565876686116898,60
green_jay,12.49834708637137,10.781725963664407,0.03253333333333333,71.21261261261262,4.14250988659015,2.9822807538439995,1.0432432432432432,22.608533333333334,83.35914302703847,11.170741964369462,25.28048048048048,96.0688,0.1664085697296152,0.11170741964369461,57
green_kingfisher,5.992999756973106,5.244120687328167,0.0,28.041441441441442,4.658724934049959,3.995418267230265,1.0882978723404255,25.966483516483517,89.34827530897694,5.973663368583804,64.36351351351351,96.9813829787234,0.10651724691023064,0.05973663368583803,60
green_tailed_towhee,9.082964091450936,5.118213417260607,0.0,19.00952380952381,7.0605331393151465,5.90546923611832,1.4319277108433734,36.97245508982036,83.85650276923391,6.917266698677433,63.02754491017964,95.96746987951808,0.16143497230766082,0.06917266698677434,60
green_violetear,11.96463689911558,5.276141513561559,3.7822222222222224,25.642666666666667,4.048663414323107,1.9917443493625908,1.4488311688311688,10.562666666666667,83.98669968656131,6.4354684994715505,63.794666666666664,93.70567901234568,0.1601330031343869,0.0643546849947155,60
groove_billed_ani,8.444932920285016,5.572449688555439,0.0,25.0816,4.946292304241569,4.294396892785443,0.8048192771084337,25.442666666666668,86.60877477547342,6.5632992240128,71.488,97.8566265060241,0.13391225224526587,0.06563299224012802,60
harris_sparrow,9.732852683661726,5.590126414689022,1.4168336673346693,25.601201201201203,5.132521139789267,2.622624262707591,1.3625570776255709,13.9308,85.134626176549,6.902127144816796,65.57998630614803,95.64977168949771,0.14865373823450995,0.06902127144816796,60
heermann_gull,13.83876140461865,7.234045933376901,2.5568,49.5792,5.213272877120417,5.321425580343318,1.4176,27.666066066066065,80.94796571826093,8.683433415966789,45.05173333333333,96.0256,0.19052034281739066,0.08683433415966789,60
henslow_sparrow,9.153889701084742,5.977170429071144,0.0,25.32102364755426,6.826374939282479,6.239511693270334,1.172972972972973,34.344705443698736,84.01973535963278,7.874306604620501,63.40330417881438,96.6972972972973,0.15980264640367223,0.07874306604620501,60
herring_gull,11.548308132104797,5.527630794460371,1.2165333333333332,31.689808917197453,5.049280484677307,6.624704162419685,1.462874251497006,37.03183183183183,83.4024113832179,9.231362778609576,38.157357357357355,94.36373333333333,0.16597588616782102,0.09231362778609575,60
hooded_merganser,12.818889813824532,8.044887526065198,0.0,30.346706586826347,6.400210930119996,5.267139270313196,1.482,28.1424,80.78089925605546,7.97983660255062,63.901875,94.79345794392523,0.19219100743944526,0.07979836602550619,60
hooded_oriole,9.507717539700787,4.452108808143444,2.2946695095948826,19.9984,4.677206561425196,2.619747617647809,1.542857142857143,12.302475247524752,85.81507589887401,6.000203268045694,71.46129032258065,95.84545454545454,0.14184924101125984,0.06000203268045695,60
hooded_warbler,8.71895775353977,5.587522635377096,0.0,22.0378223495702,6.59657606848779,4.285552018321797,1.5465,25.26068376068376,84.68446617797244,7.818183719203298,56.756410256410255,96.305,0.1531553382202756,0.07818183719203298,60
horned_grebe,10.309267514530278,4.71662504863789,2.663063063063063,28.07807807807808,2.732804108845157,1.104720232567175,1.0570666666666666,7.1705,86.95792837662457,5.3859806362871385,69.193993993994,96.14894894894896,0.13042071623375434,0.05385980636287139,60
horned_lark,11.210509140315738,5.840101307417019,0.0,24.22344139650873,4.252223454741373,2.058024347400918,1.3168975069252078,11.01142857142857,84.5372674049429,7.039394186165521,70.31371571072319,94.81653333333334,0.1546273259505711,0.07039394186165521,60
horned_puffin,11.836482940817765,9.932845186578472,0.0,42.28803418803419,8.653765430772584,11.685223191880443,1.5096153846153846,73.9384,79.50975162840966,13.509988511187604,26.0616,95.63701923076923,0.2049024837159035,0.13509988511187604,60
house_sparrow,9.681055121295428,6.111357140264586,0.0,25.909383378016084,6.510706458636968,4.848609262561642,1.9921921921921921,23.41741741741742,83.80823842006761,5.456340188091536,70.07238605898124,94.2006006006006,0.16191761579932396,0.05456340188091537,60
house_wren,9.033786538789155,4.84619428563428,2.5309973045822103,24.605405405405406,6.571667087433006,4.323581975706588,1.873854447439353,22.864864864864863,84.39454637377784,8.248668035671768,52.52972972972973,95.59514824797844,0.15605453626222163,0.08248668035671768,59
indigo_bunting,8.972347181375806,5.95742152240898,1.8778666666666666,28.72829131652661,2.9309087805474374,1.826852662108614,0.8602352941176471,9.526933333333334,88.09674403807676,7.1428735084543025,65.65322128851541,97.232,0.11903255961923244,0.07142873508454302,60
ivory_gull,11.200342213593341,5.673510267000489,2.020708446866485,27.144110854503463,4.112298454636674,3.525042226131308,0.843360433604336,20.28948948948949,84.68735933176998,6.876711890472742,66.2540415704388,96.61734417344174,0.15312640668230015,0.06876711890472743,60
kentucky_warbler,11.072924601801612,9.977439575575234,0.0,50.230230230230234,10.429545649584195,8.631992479934281,1.217142857142857,53.27070063694268,78.4975297486142,12.736631057623878,43.246371371371374,96.75075075075075,0.21502470251385808,0.1273663105762388,59
laysan_albatross,12.438045146643596,9.788767317426393,0.07409638554216867,45.73544668587896,7.476408063157818,11.379841314403937,1.0529411764705883,62.253614457831326,80.08554679019859,14.028299815213293,37.672289156626505,97.26274509803922,0.19914453209801414,0.1402829981521329,60
lazuli_bunting,7.487008052542983,4.569031104831013,0.0,21.684347826086956,4.291924070864036,4.074964852336797,0.8689189189189189,20.161344537815125,88.22106787659297,6.073434379363907,70.4448717948718,96.23108108108109,0.1177893212340702,0.06073434379363907,58
le_conte_sparrow,12.010589092716758,5.760759168051473,3.1649560117302054,28.87420042643923,6.282315453387821,3.079729778200936,1.718475073313783,14.051172707889126,81.70709545389542,8.276461421627483,57.07462686567164,95.116568914956,0.1829290454610458,0.08276461421627483,59
least_auklet,16.497699391872978,10.009293108631308,0.0,47.69465648854962,5.095370954423735,4.78785077641901,0.8638069705093834,21.6755,78.40692965370329,10.756898779980064,46.5,95.36675603217158,0.21593070346296714,0.10756898779980065,41
least_flycatcher,10.744726657740431,6.422460226469009,2.325531914893617,36.9375,3.4545490251184807,1.7659968542414397,1.1025,9.100709219858157,85.80072431714109,7.437098788799679,59.343,96.2205,0.14199275682858914,0.07437098788799679,59
least_tern,9.091369459303625,6.0408417898643325,0.0,27.168333333333333,6.345424992682541,4.35463843396362,1.2421333333333333,17.865536723163842,84.56320554801384,8.183789842885673,55.345555555555556,96.45333333333333,0.15436794451986166,0.08183789842885673,60
lincoln_sparrow,9.922757543741136,4.838024575500486,2.571007371007371,25.95116772823779,5.179970293858566,2.032155520284265,2.204914004914005,9.854111405835544,84.8972721624003,6.374059510621822,65.0687898089172,95.22407862407863,0.15102727837599703,0.06374059510621821,59
loggerhead_shrike,7.692211664113898,4.130628507114981,0.18309859154929578,21.028,4.864573851304632,3.2095560031602273,1.3723723723723724,20.716256157635467,87.44321448458146,5.787568394246071,72.506,96.7607329842932,0.1255678551541853,0.05787568394246071,60
long_tailed_jaeger,8.835893630579417,5.362828045628564,0.0,25.17519721152082,4.666347324947897,5.315378428173362,0.7946666666666666,34.24850299401198,86.4977590444727,7.175594180856207,57.69400110071547,98.55786666666667,0.13502240955527312,0.07175594180856207,60
louisiana_waterthrush,9.425024598773804,4.667517840999958,2.05,20.515139335476956,7.12187624733571,4.796824053108017,2.0425,27.939665952125758,83.45309915389048,8.558623574477243,51.54519471239728,95.9075,0.16546900846109514,0.08558623574477243,60
magnolia_warbler,9.931503884638346,5.787453415843493,0.0,32.2144,7.894639996985557,4.716009594009227,2.3073170731707315,23.982,82.17385611837611,7.732332852245177,52.56373333333333,94.7715,0.17826143881623902,0.07732332852245177,59
mallard,20.588344735731962,7.4726608720098024,6.407213114754098,45.76,5.037397274085825,2.3098023619294468,1.3860911270983214,11.554491017964072,74.37425799018222,8.224799829952428,50.54933333333334,91.70688524590165,0.2562574200981779,0.08224799829952427,60
mangrove_cuckoo,11.56950749166825,8.689634985275696,0.006006006006006006,49.71845238095238,5.543239216604032,4.300689396955175,1.687087087087087,25.893866666666668,82.88725329172772,10.516633193305307,39.108266666666665,95.8464,0.17112746708272283,0.10516633193305305,53
marsh_wren,8.199777784294772,3.955701799275239,1.5666666666666667,18.2855,6.793841012575187,3.7826332819205217,1.4120535714285714,23.736336336336336,85.00638120313005,6.8846735511762835,62.35075075075075,96.75803571428571,0.1499361879686996,0.06884673551176283,60
mockingbird,10.476863103476886,5.942767116699123,1.7102439024390244,30.689066666666665,4.418504457285573,1.7972022448020246,1.6209580838323354,9.301182033096927,85.10463243923755,6.956589898924433,63.71893333333333,96.2018018018018,0.1489536756076246,0.06956589898924434,60
mourning_warbler,11.522256042183527,6.885361995728269,0.0,30.70935960591133,8.536484995095675,6.19916754136251,1.6252252252252253,36.454,79.94125896272081,10.444625320019153,52.125748502994014,96.13153153153154,0.20058741037279199,0.10444625320019153,60
myrtle_warbler,8.270994819322478,6.183846596620094,0.0,21.484880636604775,8.460364150008306,6.558736468038893,2.1465465465465465,31.4224,83.26864103066922,7.964615241878516,63.259354838709676,96.7063063063063,0.16731358969330787,0.07964615241878516,60
nashville_warbler,7.1958066749156275,5.026808256439868,0.0,23.554666666666666,5.7336238342613495,3.615952261293517,1.2403361344537815,24.425915492957746,87.07056949082303,6.627166583905588,67.96373333333334,96.98207282913165,0.12929430509176978,0.06627166583905589,60
nelson_sharp_tailed_sparrow,8.37503875195579,6.285700326849092,0.0,23.08383233532934,7.953584469987371,5.384110165188962,1.4902564102564102,26.659003831417625,83.67137677805684,8.553735514006307,67.08263473053893,96.27771739130435,0.16328623221943162,0.08553735514006307,59
nighthawk,12.663767239595607,8.842941406244556,0.0,41.4096,5.622670670483983,5.785811856397934,1.0844,28.535329341317365,81.71356208992042,9.897397218942917,51.33251028806584,94.8376,0.18286437910079592,0.09897397218942916,60
northern_flicker,12.64509370317696,5.652063835269504,2.206896551724138,29.54722222222222,4.269470939805632,2.3168441083034503,1.3011600928074245,12.82857142857143,83.0854353570174,7.0142538456684145,62.03541666666667,95.826525198939,0.1691456464298259,0.07014253845668415,60
northern_fulmar,12.750017611870998,10.360555713231788,0.0,52.365165165165166,3.1483461968724176,3.647764327084897,0.7061333333333333,28.854933333333335,84.10163619125659,11.343898880034693,44.20540540540541,97.26966966966967,0.15898363808743415,0.11343898880034695,60
northern_waterthrush,5.518496664320193,4.41973720264275,0.0,15.8055,9.34592913447932,6.942842017012362,1.8372492836676217,31.804266666666667,85.1355742012005,7.484043644421504,57.2175,95.19755351681957,0.14864425798799513,0.07484043644421505,60
olive_sided_flycatcher,9.439207667182568,6.763037954457376,0.0,42.82702702702703,4.614381318302238,4.668775625316142,0.7957333333333333,26.70314253647587,85.94641101451519,8.624353440059764,50.305705705705705,97.45074626865672,0.14053588985484805,0.08624353440059765,60
orange_crowned_warbler,9.617054382074942,5.891984530264847,1.390990990990991,27.865066666666667,6.272997312333211,3.4162221866744757,1.1005154639175259,15.71131498470948,84.10994830559184,8.129304236826785,59.28709677419355,96.48288288288288,0.15890051694408153,0.08129304236826784,60
orchard_oriole,8.782767750697538,4.584536773795994,2.8282666666666665,19.886419753086418,3.4890823689651134,1.690736199080584,1.2702702702702702,10.625242718446602,87.72814988033734,5.782447846643408,75.44275862068966,95.46986666666666,0.12271850119662651,0.05782447846643409,59
ovenbird,9.404303445861817,6.142475739954134,0.0,27.96096096096096,5.730104072125048,3.7052423458793453,1.6848,17.370572207084468,84.86559248201314,6.860674930056566,64.26442577030812,94.71169451073986,0.15134407517986864,0.06860674930056566,60
pacific_loon,10.025108501826887,8.586291737395745,0.0,58.442642642642646,4.008383617046827,3.0770787448291723,1.3257452574525745,24.334491315136475,85.96650788112629,9.470993791509173,36.909909909909906,96.564,0.14033492118873714,0.09470993791509172,60
painted_bunting,9.549429270392945,5.40952963413335,0.043478260869565216,22.191,5.384240787070168,4.564430167497647,1.3856,20.982,85.06632994253688,8.687054120712778,56.827,96.97066666666667,0.14933670057463114,0.08687054120712777,58
palm_warbler,8.310793879788196,5.187592486647709,0.0,21.13215189873418,7.683072540902853,5.987671341669356,1.4672268907563024,34.35505050505051,84.00613357930895,8.001437238231318,62.139240506329116,96.01848739495799,0.15993866420691047,0.0800143723823132,60
parakeet_auklet,15.515026153488499,8.449198649026481,3.3556109725685785,53.253582631158125,5.3414984245940875,5.089452760317642,1.3346633416458853,30.053475935828878,79.14347542191742,10.365522121738676,38.646288209606986,95.30972568578554,0.2085652457808259,0.10365522121738675,53
pelagic_cormorant,9.807662954462666,6.04732304253199,0.0,26.928533333333334,4.112298226361796,3.215570222956629,1.0816,18.43820224719101,86.08003881917554,6.426523332611225,68.14773333333333,97.6704,0.1391996118082446,0.06426523332611225,60
philadelphia_vireo,11.368800440443989,5.509497237811937,2.485333333333333,24.866257668711658,4.788514576630742,3.610594872287092,0.9898936170212767,19.28903472791906,83.84268498292528,7.973318128139639,60.22790969848163,96.35573333333333,0.1615731501707473,0.0797331812813964,59
pied_billed_grebe,9.539269594296867,5.516980440121442,1.6786786786786787,27.684684684684683,3.2731492482889153,2.90076470541827,1.1957333333333333,19.6024024024024,87.18758115741421,6.400985066460602,67.07387387387388,95.99438202247191,0.12812418842585785,0.06400985066460603,60
pied_kingfisher,8.406457366719026,4.9538100185534955,1.8066066066066067,24.60295566502463,3.1963368586013843,1.1865042638513152,1.3549549549549549,5.767567567567568,88.39720577467959,5.877286905181016,69.79753694581281,96.46966966966967,0.11602794225320409,0.05877286905181017,60
pigeon_guillemot,10.854332435994262,7.674530048909119,0.7284,49.4996996996997,4.127921900375214,6.29881665981508,0.8978978978978979,42.5168,85.01774566363052,9.48843359363806,48.485285285285286,95.71775700934579,0.14982254336369477,0.0948843359363806,58
pileated_woodpecker,9.259568409381075,5.261257406579048,0.17632241813602015,24.093333333333334,6.728479650150972,6.065862573262888,1.525229357798165,39.66538461538462,84.01195194046795,7.282251289423662,59.302564102564105,95.26467889908257,0.15988048059532048,0.07282251289423664,60
pine_grosbeak,12.315567281952932,5.173161472617688,2.835632183908046,24.476276276276277,4.0688838528600835,2.0450622740754496,1.4182242990654206,11.95945945945946,83.615548865187,6.115693617008549,69.13480392156863,94.94018691588785,0.16384451134813016,0.06115693617008549,60
pine_warbler,11.807135325379397,6.043324622779771,2.6235023041474657,27.337603305785123,7.7467567698905295,4.13064325856699,1.5815384615384616,21.26105442176871,80.44610790473007,8.887692701098782,57.63860544217687,95.75023041474654,0.19553892095269929,0.08887692701098783,60
pomarine_jaeger,11.121964376239898,5.98015252753781,0.026239067055393587,28.00238805970149,3.3068681606478694,2.742045170362477,1.1742857142857144,15.8512,85.57116746311223,6.950293636228024,65.84,96.19428571428571,0.14428832536887767,0.06950293636228025,60
prairie_warbler,9.464320390661738,5.543838653676203,2.019559902200489,25.47341040462428,7.606934320419034,4.326586726195999,1.8936936936936937,18.524324324324326,82.92874528891922,8.645147706079621,62.69256198347107,95.75375375375376,0.17071254711080774,0.08645147706079621,60
prothonotary_warbler,10.089519204185715,5.95808225082697,1.8611825192802056,28.03252032520325,6.89383351305118,4.19662405633391,1.516619718309859,17.835733333333334,83.01664728276312,8.621635604197797,64.11946666666667,94.60843373493977,0.16983352717236896,0.08621635604197797,60
purple_finch,11.561843914882806,5.2171564960723575,2.443010752688172,22.552533333333333,5.374018315010238,4.270553887483036,0.9944,22.3045,83.06413777010695,7.650428506957289,63.1615,95.57579617834395,0.16935862229893042,0.0765042850695729,60
red_bellied_woodpecker,12.384664812424996,5.855318662071124,1.4531590413943356,28.93784860557769,4.719816467267315,4.290099425323634,1.2101333333333333,28.02897862232779,82.89551872030769,8.205237751457686,56.81832669322709,95.09493333333333,0.17104481279692313,0.08205237751457686,60
red_breasted_merganser,8.622306988691982,4.9296850900269575,1.9573573573573573,30.333333333333332,3.781775147254275,2.2704456411292013,1.4208,14.390933333333333,87.59591786405375,6.041128109060497,61.33139158576052,95.73066666666666,0.12404082135946258,0.060411281090604965,60
red_cockaded_woodpecker,10.318579406192068,7.119094492218132,0.0,39.22334384858044,6.676411570821431,6.709018666611337,1.3747058823529412,39.65173501577287,83.0050090229865,11.602097168590259,21.124921135646687,96.64529411764705,0.169949909770135,0.11602097168590259,58
red_eyed_vireo,10.101915771563377,4.194993317506646,2.5211940298507463,25.33753753753754,4.34475228706178,2.107167335197359,1.4083582089552238,12.360683760683761,85.55333194137484,5.568685670021114,67.38773333333333,96.07044776119403,0.1444666805862516,0.055686856700211125,60
red_faced_cormorant,13.51415296866075,8.3506117945553,0.08909512761020881,35.67774936061381,6.687125929959645,6.856238679514286,1.029810298102981,32.92994011976048,79.7987211013796,12.868270813788554,45.623456790123456,97.08563685636857,0.20201278898620398,0.12868270813788554,52
red_headed_woodpecker,10.930999744556365,5.890043905521254,0.0,26.71223880597015,4.047594046688404,2.2082238930372577,1.6085333333333334,14.302645502645502,85.02140620875524,7.012397087026764,66.17134328358209,96.09099307159353,0.14978593791244768,0.07012397087026764,60
red_legged_kittiwake,15.017837490609466,10.81743192275845,0.0,54.74174174174174,5.874069804448863,5.82544449693883,1.48,35.29079365079365,79.10809270494167,12.15898629071402,34.845333333333336,94.86366366366366,0.2089190729505833,0.1215898629071402,53
red_winged_blackbird,11.198322967337514,8.346361323075355,0.0005970149253731343,44.01626506024096,5.442832115800529,5.204126563315566,0.9658666666666667,33.88119402985075,83.35884491686195,10.938215238368274,45.42409638554217,97.944,0.16641155083138046,0.10938215238368275,60
rhinoceros_auklet,15.953087515052184,13.845614948766933,1.5351351351351352,65.2148,5.46078239395863,3.9246063132248548,0.9541333333333334,19.921875,78.58613009098919,14.463763226073896,31.2164,96.38978978978979,0.21413869909010816,0.14463763226073895,48
ring_billed_gull,13.29294389063442,7.116136709755658,0.8407185628742515,32.524928366762175,5.023783742223634,3.9740679804767716,1.769047619047619,23.405655526992287,81.68327236714194,7.840220714847562,61.78918918918919,94.12275449101796,0.18316727632858054,0.07840220714847562,60
ringed_kingfisher,7.778148046987836,4.556457255307693,1.4074666666666666,23.12530864197531,4.019159936657258,2.244685331743244,1.3301333333333334,14.64984984984985,88.2026920163549,5.840015484348164,69.76604938271605,96.7136,0.11797307983645093,0.058400154843481634,60
rock_wren,7.5466196493826,4.161084232311722,0.06556473829201102,19.32972972972973,5.450429356622149,3.427480800709498,0.952,19.692215568862274,87.00295099399526,6.495423949475831,69.78862275449102,96.11183431952662,0.1299704900600475,0.06495423949475831,60
rose_breasted_grosbeak,11.408832686353895,7.251243266468955,1.9080645161290322,29.544110854503465,4.031626479388236,4.463889747934005,1.0964383561643836,26.67945205479452,84.55954083425787,9.35281104902887,62.624043715846994,96.24247311827958,0.15440459165742132,0.09352811049028871,60
ruby_throated_hummingbird,9.354570496988394,4.880943636623626,1.965289256198347,23.39896373056995,4.714264723129407,4.18598138792021,1.0924924924924926,22.312533333333334,85.9311647798822,6.878214002085539,64.92538860103627,96.38732782369146,0.140688352201178,0.06878214002085539,60
rufous_hummingbird,9.664931580867707,5.738953216562541,0.16816816816816818,25.607752534976253,4.859002926081273,4.080151839730654,1.1971014492753622,19.344,85.47606549305102,6.781340275168737,67.65649717514124,95.64021164021165,0.14523934506948982,0.06781340275168736,60
rusty_blackbird,9.156173424620091,5.33395793938688,0.0,24.314114114114115,5.051610652774684,4.776973004092736,1.300280112044818,26.040081799591,85.79221592260522,6.940539798904854,64.86339066339066,95.90140056022409,0.14207784077394778,0.06940539798904853,60
sage_thrasher,9.195166163967393,5.096030117006553,0.0,25.72327044025157,8.2903345585817,4.674507302379631,2.431,22.372901256310907,82.5144992774509,6.9926984223915,64.09803921568627,94.81021021021022,0.17485500722549094,0.06992698422391501,60
savannah_sparrow,9.879248905516972,4.643782409650149,2.8301703163017033,22.336434108527133,4.511133898321527,1.8842813522242061,1.576470588235294,9.8948,85.6096171961615,5.83755415895502,71.4288,95.23357664233576,0.14390382803838497,0.058375541589550196,60
sayornis,9.055612879450955,5.162658639558097,0.12852852852852853,23.97142857142857,5.086777817942366,3.866714321017993,1.0192192192192193,19.974251497005987,85.85760930260669,6.526844288311225,68.80481927710844,96.52072072072072,0.14142390697393323,0.06526844288311226,60
scarlet_tanager,9.075880591340674,4.885008187502714,2.0104513064133016,22.282608695652176,5.4959925930636135,3.3516346726685224,1.2355450236966825,16.92127659574468,85.42812681559572,6.653627505170898,66.90354609929078,96.03696682464455,0.14571873184404285,0.06653627505170898,60
scissor_tailed_flycatcher,4.901105464847935,2.7182633672416823,0.9125748502994012,12.805684754521964,2.5211430395356076,1.4142019325230277,0.8645333333333334,10.287687687687688,92.57775149561645,3.554470560612792,83.37297297297297,98.17477477477478,0.07422248504383541,0.03554470560612792,60
scott_oriole,11.091213478182642,6.0906440736802425,0.0,22.508802816901408,7.524856858416022,7.155401734237774,1.6181818181818182,36.390977443609025,81.38392966340135,8.983557967124813,50.20864661654135,94.51229946524064,0.18616070336598664,0.08983557967124813,60
seaside_sparrow,8.676883983353111,5.32096080581192,1.8312312312312313,25.83653483992467,6.840856446382192,4.692503111336688,1.484084084084084,19.72411186696901,84.48225957026469,7.484381796191222,65.38321995464852,96.68468468468468,0.15517740429735302,0.07484381796191222,60
shiny_cowbird,10.630690668230454,5.7968521806323805,2.4197333333333333,30.570632911392405,3.6407055038531624,2.2505453586339557,1.0629333333333333,12.588935574229692,85.72860382791639,7.468324764719373,64.01215189873417,96.51733333333334,0.1427139617208362,0.07468324764719375,60
slaty_backed_gull,15.214498016255746,8.250749423370225,1.4922666666666666,38.543465045592704,9.410900676169502,9.283641825546306,0.9678068410462777,38.26931216931217,75.37460130757475,10.609732643541498,46.14126984126984,95.78712273641851,0.24625398692425246,0.10609732643541499,50
song_sparrow,9.220132228034025,5.803854416945804,0.0,22.478494623655912,7.156714543437199,5.002030677573176,1.5933933933933935,27.881005586592178,83.62315322852878,6.284686670048184,67.84263157894736,94.99646017699115,0.16376846771471223,0.06284686670048184,60
sooty_albatross,12.81868508303053,10.31973711012734,1.5173333333333334,61.24,3.764310863468637,3.272806006287652,0.7690666666666667,21.742857142857144,83.41700405350083,11.11152090910776,33.8436,97.7136,0.16582995946499168,0.11111520909107762,58
spotted_catbird,17.02209693969524,10.427489364160413,2.7111111111111112,56.554819277108436,7.699070502733193,7.762349357333856,2.018639798488665,44.80586319218241,75.27883255757158,13.67389885510759,32.89750110570544,93.9152,0.24721167442428432,0.1367389885510759,45
summer_tanager,7.219199489237602,5.104537272768953,0.0,25.751466666666666,6.494758306311758,5.14596240539501,1.7440677966101694,28.642666666666667,86.28604220445064,5.587250027943649,69.4112,95.43363363363363,0.1371395779554936,0.055872500279436486,60
swainson_warbler,13.495846168125395,11.989608498362108,0.0,49.27136389360498,9.355728419157426,5.729639730068896,1.7523809523809524,26.7625,77.14842541271717,14.614283611673441,31.396396396396398,95.52776119402985,0.2285157458728282,0.14614283611673443,56
tennessee_warbler,8.062920514788216,3.904275476029958,2.4324189526184536,19.7408,5.790761560474492,4.22270441195566,1.4349397590361446,27.344761904761906,86.1463179247373,7.2632666822247485,56.18412698412698,95.85,0.13853682075262708,0.07263266682224748,59
tree_sparrow,12.38728834343736,6.171943049164854,3.8856,38.91448275862069,5.808196323508477,3.9855525380582653,1.714,23.343290043290043,81.80451533305417,7.621523140239689,53.60183908045977,94.4004,0.18195484666945835,0.07621523140239689,60
tree_swallow,9.847368006771463,6.497366792764161,0.0,33.4908,6.797671928015191,5.746213311663718,0.872421052631579,29.002402402402403,83.35496006521335,9.631272510531577,52.5412,97.4421052631579,0.16645039934786654,0.09631272510531579,60
tropical_kingbird,8.995905927248913,4.515597134445234,0.684297520661157,22.376284584980237,3.367089512892845,2.4224342117505033,1.062874251497006,15.249193548387098,87.63700455985824,5.2346485833248915,72.63427419354839,96.7048231511254,0.12362995440141758,0.052346485833248926,60
vermilion_flycatcher,8.479989748213923,6.136858292916061,0.0,26.908762886597938,5.406014276885828,5.079063001256189,0.9296758104738154,25.65398773006135,86.11399597490025,8.563622122268335,60.14536082474227,97.39830508474576,0.13886004025099752,0.08563622122268334,60
vesper_sparrow,8.428137721830465,6.079248266359728,0.0,27.32549019607843,4.879033963375762,2.794875549609955,1.5783783783783785,12.88048048048048,86.69282831479377,7.5033513400376615,64.09209809264306,95.32926315789474,0.13307171685206226,0.07503351340037662,60
warbling_vireo,9.166169425345354,4.656281103969845,2.3417417417417417,26.191860465116278,4.005117046426174,2.7220974961982214,1.088,18.14864864864865,86.82871352822848,6.386309583071185,67.4110465116279,95.8605,0.1317128647177153,0.06386309583071184,60
western_grebe,7.972792309679085,4.413162307438553,2.088888888888889,21.000589970501476,2.936870897652942,2.008738910161508,1.3519337016574586,14.634159779614325,89.09033679266798,5.443889611541981,72.83415977961432,95.59880597014926,0.10909663207332027,0.054438896115419806,60
western_gull,14.167797349731313,6.8077181446236015,0.39690402476780184,31.583162217659137,5.336384850073082,4.001263300499779,1.0522666666666667,28.720743034055726,80.49581780019561,7.857270445420795,58.55564681724846,97.06346666666667,0.19504182199804396,0.07857270445420794,60
western_meadowlark,10.056835011640576,7.01838408779427,1.8852878464818763,33.52705410821643,3.684809401809177,1.8494240586046649,0.8570194384449245,8.652905811623247,86.25835558655025,8.627928358071717,57.82004008016032,96.82430703624733,0.13741644413449752,0.08627928358071718,60
western_wood_pewee,8.844705287048312,4.990593320814262,0.010133333333333333,21.688401253918496,3.755133686929962,2.915171189876537,0.9177304964539007,18.771733333333334,87.40016102602173,5.954185799383756,72.29028213166144,96.65531914893617,0.12599838973978275,0.05954185799383756,60
whip_poor_will,17.826863384031835,10.817121578168031,2.523241206030151,57.73033033033033,9.756232374154353,5.660752028891585,2.44984984984985,25.08218451749735,72.41690424181381,12.113869137023716,35.52612612612613,90.37837837837837,0.2758309575818619,0.12113869137023717,49
white_breasted_kingfisher,8.536863589742863,5.28555528069767,1.368273092369478,22.093820224719103,2.7310047263117165,1.2884969380136362,1.1088,7.763483146067416,88.73213168394543,6.226012164433822,70.14269662921349,97.31124497991968,0.11267868316054579,0.06226012164433822,60
white_breasted_nuthatch,10.663695836266605,6.220461055367839,0.0,27.368589743589745,5.5331783075794965,4.295337304033788,1.23003003003003,20.667065868263474,83.8031258561539,5.989861255821985,65.63903903903903,94.7039039039039,0.16196874143846102,0.05989861255821984,60
white_crowned_sparrow,11.809668366042352,5.8663224222211925,0.0816,32.312312312312315,5.659452117874031,3.0920559405738466,1.1518279569892473,19.471,82.53087951608362,7.707685150732548,58.1925,95.94494623655913,0.17469120483916384,0.07707685150732548,60
white_eyed_vireo,9.282915476968478,4.957004954012682,0.13033033033033034,21.945352112676055,5.2724013063482555,3.805766396008917,1.2153034300791556,23.467267267267268,85.44468321668326,5.899083860898176,69.40338028169015,96.03957783641161,0.14555316783316735,0.058990838608981765,60
white_necked_raven,12.672662413688629,12.315587819500658,0.0,61.10931668102211,9.697010194998988,8.488447001233945,1.6533333333333333,49.023423423423424,77.63032739131239,14.168506272366345,34.5212460522538,96.57657657657657,0.22369672608687619,0.14168506272366344,60
white_pelican,12.226490201317622,10.83867107402101,0.0,45.64084084084084,8.327518919502317,10.385839831237005,1.1825,58.08588588588589,79.44599087918006,12.492694932957894,41.91411411411411,95.675,0.20554009120819938,0.12492694932957894,50
white_throated_sparrow,11.778103972848596,5.610637735907092,2.295808383233533,25.55644171779141,6.811436138460068,4.838635780523205,1.796996996996997,24.66966966966967,81.41045988869134,8.398255693971457,60.16276276276276,94.4808383233533,0.18589540111308664,0.08398255693971457,60
wilson_warbler,8.833265817870627,4.619373442678553,2.4756756756756757,25.091017964071856,5.870212259368682,3.370923502259107,1.633,19.5433242506812,85.2965219227607,6.648029323012687,66.49461077844312,95.63303303303303,0.1470347807723931,0.06648029323012686,60
winter_wren,10.019780261920088,5.269436759937672,2.378902953586498,25.928528528528528,5.571084769550113,2.47118248937989,1.516062176165803,14.563363363363363,84.4091349685298,7.216572941485122,59.50810810810811,95.36238805970149,0.155908650314702,0.07216572941485122,60
worm_eating_warbler,10.556109456138255,4.901913188726417,3.2794117647058822,26.382263413747673,10.194221365080898,6.871310016136748,2.079886685552408,27.463050847457627,79.24966917878085,10.523659122960813,46.26777520330744,94.43796033994334,0.20750330821219154,0.10523659122960814,59
yellow_bellied_flycatcher,13.162242849219215,9.84251652221312,1.827,59.7,4.262437440932937,2.3814571225311814,0.8268,10.694164989939638,82.57531970984785,11.192682404437514,34.938815789473686,97.27,0.1742468029015215,0.11192682404437514,59
yellow_billed_cuckoo,7.621869642462311,5.8559651269824124,0.0,26.75240506329114,5.416892306685307,3.947034599435056,1.112,20.793066666666668,86.96123805085239,6.238630581639417,68.77164556962025,96.3888,0.13038761949147618,0.062386305816394164,59
yellow_breasted_chat,7.6539555484284305,4.731184108678395,0.47267267267267266,25.237237237237238,4.871382201403639,3.626383939982004,1.4312312312312312,23.58018018018018,87.47466225016794,5.961636245267142,67.77597597597598,96.15075075075075,0.1252533774983207,0.05961636245267143,59
yellow_headed_blackbird,7.757089607571958,5.06948465101273,0.0,21.983466666666665,5.371311000278182,3.9967795252936607,0.7775561097256858,18.69173333333333,86.87159939214986,6.094440558380232,65.53072625698324,96.84837905236908,0.1312840060785014,0.060944405583802326,56
yellow_throated_vireo,10.59262586184136,6.905092453899522,1.8450363196125907,50.56584158415841,4.895637659899284,4.002772067217454,1.0090361445783131,20.91946666666667,84.51173647825937,8.103629680991551,44.892079207920794,96.51867469879518,0.15488263521740642,0.08103629680991552,59
yellow_warbler,7.15398015040871,5.0605495441084996,0.0,25.84411027568922,5.742438932003657,3.980051493473421,1.5475806451612903,20.551951951951953,87.10358091758764,7.098010361139227,64.7187969924812,97.47177419354838,0.12896419082412366,0.07098010361139227,60
