breed,convexity_mean,convexity_std,convexity_min,convexity_max,compactness_mean,compactness_std,compactness_min,compactness_max,eccentricity_mean,eccentricity_std,eccentricity_min,eccentricity_max,count
acadian_flycatcher,0.8071215357142749,0.0781715897336357,0.5424256377198637,0.9702534739194191,0.5406091400781918,0.14699114629181642,0.2111222178532347,0.939969744384024,0.8888120871504932,0.0571538980360229,0.6704399620520669,0.9593813737199522,59
american_crow,0.6918370808814216,0.07098986832628412,0.542933039774087,0.8587154227529358,0.363826955367562,0.10357815299472706,0.1692230251391875,0.6579183353079532,0.8395041426976955,0.0893858764632087,0.45754098583436287,0.9556051469440036,60
american_goldfinch,0.7504366892356634,0.05870147105245443,0.6294094239367056,0.8525872622495596,0.4512806277794381,0.09361236829350822,0.27325929319903197,0.6765869445680045,0.8791353142193612,0.05967673915903819,0.6344024361118626,0.9482818168247563,60
american_pipit,0.6999684031212695,0.09348438689486939,0.44210344529833345,0.9353352670192799,0.4085294415993628,0.13148576619341165,0.15033621517398876,0.7095442455771324,0.768701104942226,0.11523240728937884,0.39352040139303457,0.9157977098171943,60
american_redstart,0.7701783790701812,0.07878276131039755,0.6127369233554731,0.948680175575732,0.46907372828314,0.11612335734910428,0.23576587312744116,0.7264220832913366,0.8368093990464965,0.10608997126878136,0.40233423473146146,0.944039556782081,60
american_three_toed_woodpecker,0.7965942063308072,0.06961140683987689,0.5953899097461204,0.9810275278159493,0.46831517932395256,0.1314678459484171,0.2900631501603111,0.9789409236766748,0.8720313583005399,0.08406461011832617,0.4200360327533509,0.955808527342439,50
anna_hummingbird,0.7014410789618648,0.10653821092071925,0.4546448911854562,0.9493361909864857,0.4294617196253129,0.10656807202066657,0.1743075241750218,0.692304369123462,0.8364112773139862,0.13418391126299026,0.4595952287075039,0.9519744944535303,60
artic_tern,0.6772071631103631,0.10168667121997656,0.4831831122213595,0.8560727661851257,0.4034147253144279,0.12563305488039422,0.14888982562392453,0.6879760335496177,0.8336154798139176,0.10926065750767464,0.46299187730995045,0.967558789743694,58
baird_sparrow,0.7742709174201913,0.07398670565381431,0.5931956188097576,0.9148817284410504,0.4974612316538145,0.10514722789066878,0.2681040197121775,0.7179114487263099,0.8468591085781008,0.07544807100129224,0.5235339172859145,0.9311713920059044,50
baltimore_oriole,0.7448433390086068,0.06552831895438595,0.6123561869933171,0.8919110900642259,0.4219053307999489,0.09413567598353784,0.2697116706470984,0.7001738610168544,0.8577890877067099,0.08252698324895087,0.55493876352147,0.9541038998293352,60
bank_swallow,0.8321305966435079,0.08842048876674738,0.6160584281703922,0.9880307779994301,0.5840508223436265,0.13440905291954283,0.3156695094464193,0.9553880733297497,0.8596005905182588,0.11446887110583638,0.4005281603981296,0.9587773197303593,59
barn_swallow,0.7679938271620766,0.10018352300882089,0.39872816798781163,0.9489255772697359,0.47856036613165726,0.15731012287311535,0.14950581922152892,0.9636978033405195,0.8739352032792645,0.0900012298867557,0.5395137172034891,0.9655483763811445,60
bay_breasted_warbler,0.8012882927965506,0.08036962765483986,0.6628095551172474,0.9845124859515912,0.5507752659753887,0.1568359769378433,0.32967330315448445,0.9515024454825969,0.8398601617980777,0.070571706121745,0.6166064256106737,0.9423733744158902,60
belted_kingfisher,0.747793008877193,0.07776198316575132,0.4846632369718234,0.9049720506031186,0.4832256903126263,0.10501785941316821,0.25074343716835035,0.8073075795163389,0.8825373479422683,0.05339465467864122,0.6497857286662674,0.9602323757753405,60
bewick_wren,0.6948289536508597,0.0739632076210471,0.5602246617309166,0.9054588149691588,0.4140629193507244,0.10906269580077235,0.24899617756070672,0.7591923423251162,0.7472588260550314,0.14386313760570116,0.2893905643361376,0.9387459306539613,60
black_and_white_warbler,0.763543650804266,0.0957307221552517,0.5533359582197327,0.9711745090774361,0.495702169585792,0.1726727525302766,0.27254215339017873,1.0,0.7800877263478355,0.11379765728770445,0.3839200298069711,0.9368879622158777,60
black_billed_cuckoo,0.7746634654005757,0.07483825727993952,0.5407774851324815,0.9086496379406381,0.4366013756195221,0.09870967443308223,0.21270139378228636,0.6730091030533266,0.9404482453019778,0.043388151618900715,0.7256423416927626,0.9817894330602618,60
black_capped_vireo,0.7459074290696748,0.08178042519609383,0.565939563738243,0.9730916227662432,0.4600792918281104,0.1278544098241336,0.25163094725044605,0.8789802114825129,0.8470824775272607,0.09741819178263601,0.5148644486438833,0.9454629222705172,51
black_footed_albatross,0.6465541510688928,0.13091153039582765,0.35536153082030636,0.9051956678700361,0.36552229104195627,0.14116172985984238,0.047770983963737294,0.7186196845545803,0.8347392278948524,0.15109581361808117,0.24312812135384812,0.9897777697385999,60
black_tern,0.6762270033274003,0.09836300510634363,0.3550235017626322,0.9415322404943048,0.40762179755141026,0.12650155857313578,0.11420596168786983,0.7748269301732551,0.8166419172375705,0.12427312578175348,0.36809167895556,0.9720378737467777,60
black_throated_blue_warbler,0.7568708435131638,0.08963099536556954,0.5445800362927434,0.9576741825563692,0.4822113579872878,0.13570365552486308,0.24541406045086928,0.8220911231067168,0.809114665353054,0.10917794612217759,0.4315540225554384,0.9491596108462231,59
black_throated_sparrow,0.7466563809658703,0.08234727461780407,0.5890703215148472,0.9164376352260102,0.4546300999026727,0.12860206580252762,0.23583652278753034,0.8202422335203537,0.8462154589038452,0.07921829354992123,0.5797371195578374,0.9495272710784647,60
blue_grosbeak,0.7472602078228566,0.08817460427829182,0.4759629466900996,0.9001740475730032,0.44336499683137975,0.119891434087699,0.17180586114977753,0.69795320266399,0.8933749161960028,0.04932468779907839,0.6859201489933042,0.960746753420842,60
blue_headed_vireo,0.7391088381396338,0.08748594751325013,0.530294821831146,0.9724894934748949,0.4424992995031229,0.11569284809062558,0.20799976780657203,0.8670074963688518,0.8352281539914759,0.0987013665277878,0.4655028071060296,0.9586124396095194,60
blue_jay,0.6940878657780323,0.0951055883128037,0.5128244746600742,0.8735095389507154,0.39545222371447863,0.10585332080671142,0.19110951979598567,0.6882359153726154,0.8375173116166416,0.09582336613936633,0.4670992798493272,0.9598283820279091,60
blue_winged_warbler,0.8102731907085355,0.10177539614528242,0.6051675710651314,0.9977801230030204,0.5636181444780325,0.19183383370737647,0.23542265325543232,1.0,0.8104456910152666,0.10560591536806552,0.35034763646602135,0.9460909573558514,60
boat_tailed_grackle,0.6255007941552306,0.0895409092744689,0.4833289752305949,0.8573474855729596,0.30872275888739614,0.07171221627270626,0.1732740075767171,0.5273661140897591,0.851552739399742,0.10652475293708459,0.4535656151663529,0.9694369303982925,60
bobolink,0.7476664806876597,0.10516119498032933,0.4333677988255721,1.0,0.44005771748885564,0.1648022565877111,0.2334820771526529,0.9370870976947393,0.8540708433116804,0.06541143304618752,0.597288662547083,0.9455295205582049,60
bohemian_waxwing,0.8214317882466767,0.08424780849906108,0.6531440567829652,0.9848110927362931,0.5837062881653844,0.16196972756650532,0.31629848467739996,0.963644713645601,0.8834319288296114,0.05342085207631125,0.7202413516626065,0.95535268288365,60
brandt_cormorant,0.6897452717768541,0.10910206847936303,0.40705622291381865,0.9132386575182171,0.39945728701472194,0.1274660978099397,0.15534579819022118,0.7408967968727659,0.8389958648208586,0.1323253440634376,0.4370020487020259,0.9684999040761402,59
brewer_blackbird,0.7227529798181609,0.11542089131179326,0.4297327414552164,0.945578050221723,0.42065231171090794,0.1481765233374051,0.150087920888142,0.7724539155501139,0.828855392759141,0.10741788896738554,0.4784930730598372,0.9619560688270612,59
brewer_sparrow,0.7671564161965951,0.0830845262563305,0.5975901354962727,0.9576517400366323,0.47357561637189133,0.13622599441147396,0.22205561893570597,0.8888299821346414,0.8470099424438213,0.09494007567164493,0.40842134095862087,0.9556740469495977,59
bronzed_cowbird,0.7068576110426208,0.09575898065985668,0.5221261562775996,0.939120376900725,0.4015087122073011,0.14240059964328466,0.1591550471267264,0.8586175634465286,0.8206026807327149,0.10885193120422688,0.45094266822158596,0.9670888434870807,60
brown_creeper,0.7211729732596337,0.07510437780771302,0.5105030300777038,0.8632788868723533,0.3776565355344759,0.07120108480567056,0.21207962953201534,0.5448926342113489,0.9052021783655688,0.036223007875814346,0.7766891146210004,0.9591836232514797,59
brown_pelican,0.687823263339063,0.08955800223175991,0.3749665751027056,0.8236768243785084,0.35538650386746473,0.0877021533066307,0.16509302232771322,0.5345709965595371,0.8471260591815916,0.09470646723062957,0.5833301149467276,0.9809246596054778,60
brown_thrasher,0.7083455489499841,0.10147298742710688,0.46113057215468095,0.9378754925816662,0.4288957001413162,0.14484232629489957,0.20840559465414704,0.8305850892596114,0.8091056264643933,0.1374704176640812,0.3437218889904492,0.9617830506635244,59
cactus_wren,0.736750735398315,0.08824070803853004,0.5479787335300437,0.9662969921686647,0.4416677163540093,0.13517941509706896,0.24605712132924185,0.9288391273908789,0.8470621355188114,0.07777996206389497,0.5447033891757616,0.9476284985271194,60
california_gull,0.660142254019237,0.07483468364660358,0.39235138811104886,0.8249194206050251,0.35315378795500385,0.0867413320692059,0.13309801010957586,0.6504128176043077,0.805757392573555,0.08584452765516541,0.49903508504664784,0.9763880712175823,60
canada_warbler,0.8167986246614541,0.0967592061930856,0.6224696103636772,0.9798012599857115,0.6000001009222996,0.16514806105609553,0.1747974144703846,1.0,0.7934044311436922,0.14716864652000966,0.2471242083903664,0.9521167526916108,60
cape_glossy_starling,0.6999468655337518,0.07958467276025942,0.5728550278586007,0.9072405408676326,0.40341576587046235,0.1022425141031906,0.22275342996871172,0.638552087921896,0.8495725449961238,0.07415709113980722,0.6487961980443321,0.9407940720701379,60
cape_may_warbler,0.8192302792929773,0.08605525387711349,0.58120932953133,0.9929756693474499,0.5920361893297948,0.15583569487835444,0.276710784730371,1.0,0.8132044733022386,0.11133176583615176,0.48542638950674205,0.9565665526535504,60
cardinal,0.7596543807515754,0.09597179030558675,0.5608503930298447,0.9410643216319916,0.44750384984680275,0.1742437676086191,0.09115647789226913,0.7965284751316176,0.8462348518996697,0.10048376980739625,0.546585646519139,0.959507035720557,57
carolina_wren,0.754193757024803,0.09544225143404413,0.5784963149744197,0.9861703166183984,0.48353985609812916,0.1655280083008016,0.2468320453208183,1.0,0.742661981688376,0.11676812751696855,0.20286298916720796,0.9022449646063004,60
caspian_tern,0.6542358366638232,0.14322203439924702,0.24199741554365886,0.9423552696684809,0.40264011426409013,0.15523541953675418,0.09731365334571974,0.7967987102653373,0.826649366328345,0.11051625715640785,0.45357685023870165,0.9650314923158644,60
cedar_waxwing,0.8050255454349735,0.07231947421456657,0.5458612202599421,0.9628182441209865,0.51708088659784,0.11368660813755356,0.2708093350836485,0.8360865628329115,0.9073797680029017,0.039527526218847524,0.7913906816027195,0.9552247932447872,60
cerulean_warbler,0.8261838854517038,0.09404513624928601,0.6104160133228077,0.9839236259653705,0.612931671218902,0.17828759421299245,0.20349457380430971,0.9366777789903324,0.7722080734982129,0.09633927118682001,0.4249933366310786,0.9425988560599418,60
chestnut_sided_warbler,0.8199496969874022,0.07114404438719459,0.6741263257246467,0.9705885559177178,0.5994037790373378,0.14693038157849395,0.2777229575683758,0.9090634138029154,0.7896731116455498,0.11570634445348567,0.3503109945509372,0.9224961209067839,60
chipping_sparrow,0.7791388853252854,0.06947429613796922,0.6180380323092531,0.9118398240152122,0.5022199156199377,0.12859000848542024,0.18872413697114074,0.8066156173870028,0.8247097593670811,0.10279391963984341,0.4566437461357372,0.9376053796133227,60
chuck_will_widow,0.8125561089208428,0.09456282231800167,0.5963316310612654,0.98164890121672,0.5236411400903344,0.17939843503904554,0.0708898732745623,1.0,0.884471947551096,0.06808668466336372,0.7214162948628038,0.9693869942032959,56
clark_nutcracker,0.7075566725023479,0.05650790757299215,0.5870018662860906,0.8645815650993041,0.41069695495684844,0.0907273141098927,0.2314308986803431,0.7183170697887523,0.8419602465591826,0.06257733163148908,0.6433232671004375,0.9440479339602705,60
clay_colored_sparrow,0.7588779365080549,0.08493838500102069,0.5244420154781539,0.9613233987285529,0.49210693962069413,0.1449383192883431,0.20958609075796533,0.92261781645653,0.8207209572843316,0.08929767144767661,0.5033555842571507,0.9410190052508546,59
cliff_swallow,0.8161527592351192,0.09035474256121746,0.572589740598141,0.9935806281233495,0.5744291512556537,0.16198599510454054,0.24605640917244578,1.0,0.8291147001150528,0.13005464029871588,0.3649526878207813,0.9868168759829435,60
common_raven,0.7509018587813916,0.07120898117841733,0.6008091298834611,0.892096189053497,0.43841356299439765,0.09572745940943311,0.25274260024764833,0.6801328544017263,0.8188600679606304,0.11327669486639215,0.354054987635853,0.9365109501662924,59
common_tern,0.6550018197691768,0.1218825812254444,0.35662201641932645,0.9234912046675726,0.3842678028746905,0.1410334531029056,0.1430192113604566,0.8385806672035224,0.7966940816233082,0.14810167549088404,0.34836168308450993,0.951096050626471,60
common_yellowthroat,0.7663014671810822,0.10781500089398965,0.5621420901932713,0.999207321467176,0.5205975945024395,0.18837635210414555,0.25126758042469066,1.0,0.757001741494096,0.13729484410587062,0.3222654822788132,0.9320203400405472,60
crested_auklet,0.7937835825290346,0.07116234700856099,0.6859088583475944,0.9644068654751659,0.5269074969625179,0.154106976350153,0.3244052034030869,1.0,0.8295237355317849,0.12872218535766958,0.45096447340340323,0.9454328643405334,44
dark_eyed_junco,0.7417176850633725,0.09448210396758014,0.537533434361,0.9377847088275126,0.4453589640385843,0.14889715291379566,0.18518173095441587,0.8573856532534428,0.7826978887487813,0.13462670978696856,0.3792551620999664,0.9262444014063355,60
downy_woodpecker,0.7762273728859974,0.06647633001422819,0.5809813861985472,0.9298466726205877,0.4469766821635027,0.10457598150582012,0.23684730556938363,0.7651847056183162,0.8919257082632722,0.041750337935126496,0.7895056728394209,0.9476990915555253,60
eared_grebe,0.7427785284547705,0.09157975115055078,0.527156030385506,0.9513252838608677,0.45751198261533604,0.11886884553830639,0.24916505057066435,0.8641504703953444,0.8476224317829086,0.10955504903339269,0.4674384920500103,0.9735335411715432,60
eastern_towhee,0.6756401336697362,0.09638646922991843,0.5068955038131485,0.8877814569536424,0.38865822669000294,0.10207382035406688,0.1778365901548233,0.7056133386283093,0.7885106394690407,0.10279089696201803,0.5252338408194702,0.9538239326932342,60
elegant_tern,0.6272650752034176,0.11601831756049864,0.36715468248085004,0.9071482602118003,0.33501236252582905,0.13315262850340562,0.14543348022005342,0.7195125318491961,0.8218503957981586,0.12327752634846549,0.3660543911272421,0.9811516214011007,60
european_goldfinch,0.7418271362174872,0.057071205139346645,0.6221180989594113,0.9094760746697398,0.43897030118995045,0.10531400709661412,0.1889057221786329,0.7567579797242902,0.8535448142489653,0.06533788799798039,0.5672987756546324,0.9487870277067098,60
evening_grosbeak,0.7372358396418348,0.06031089110249875,0.6110103336526507,0.8787824803400097,0.40047133851327205,0.07654887497878632,0.271197258555129,0.6361371406951091,0.8691923323767801,0.058922633424828445,0.6916973058034058,0.9392606154879137,60
field_sparrow,0.7352001064750436,0.08124008530020285,0.5703167253683696,0.901930971567584,0.46200016634942503,0.10882871152890522,0.21138746746312334,0.7520530227208072,0.8340771513673371,0.09952859067225954,0.5095720834102644,0.9321254004644779,59
fish_crow,0.7571980288669571,0.1002976465379664,0.5606263982102908,0.9413478289155058,0.46551644275845344,0.1554630406233174,0.19145152608753527,0.8706347360991551,0.8394518259884727,0.08982519558850251,0.5334803494356812,0.9548214537478594,60
florida_jay,0.662561171057925,0.08787074921213224,0.4353943213751776,0.8460870697512913,0.3435536458786154,0.07846628449410173,0.1670084489068324,0.5245053199931136,0.883899562711077,0.0744157124707253,0.6526885559361941,0.9770845719863988,60
forsters_tern,0.6321121582150745,0.12080269792330599,0.3867720327369136,0.987116775749225,0.3622621201299275,0.16606355182799326,0.13576859987465978,1.0,0.8156227635229439,0.12370953462854456,0.42291734078424276,0.9790903644015326,60
fox_sparrow,0.7303751397016393,0.06991864888400291,0.5412686498102887,0.8798110979929161,0.4581958335696524,0.11657999314033335,0.24495341180552063,0.7359273382746112,0.7407619846105348,0.11689372310472135,0.3184337843697393,0.9181484037620934,60
frigatebird,0.6250327591149824,0.18073154317966442,0.38023393268213773,0.9882269314496424,0.36026913996440874,0.19035389740277084,0.12621120945837738,0.9863222221355437,0.874134522966298,0.1022605130089302,0.5629231254957949,0.9870440069325846,60
gadwall,0.8033050928049614,0.0662942102277795,0.6521437918559002,0.9892057538820408,0.4728658342003539,0.14493848802369894,0.299042529087599,0.9946886590182953,0.8617777060772235,0.1007733808073037,0.4187463969011516,0.9748952979481766,60
geococcyx,0.5802268502114818,0.10052882823086119,0.40705325850239243,0.869563370409442,0.3048810331990598,0.08219289125185858,0.12448522256772393,0.5385841749020158,0.8417869728584668,0.1133673408516314,0.34357127311340285,0.9672497454317659,60
glaucous_winged_gull,0.690995128626454,0.07747048297602999,0.4320174528553559,0.8780234925210838,0.376860117536916,0.1010631446423783,0.16359144732696157,0.7934330070285261,0.8068190872526183,0.09680407481558478,0.38565381089096634,0.9330947135432305,59
golden_winged_warbler,0.78482187197388,0.08988758380957233,0.5655922113604237,0.9608943243186451,0.5505671003438952,0.1628223252557855,0.2777334156700514,0.890913940828799,0.794232543976172,0.10550740127576679,0.4411633714064204,0.9525066112273936,59
grasshopper_sparrow,0.7579964166458357,0.07082088242087817,0.5528089887640449,0.8899598036820715,0.4610452911083188,0.1186025082512031,0.2212139693706867,0.7859767508643969,0.7871846726001728,0.09441758564401267,0.37163839264919385,0.9291362041283207,60
gray_catbird,0.6904348999826935,0.10365924397234094,0.5114785476264601,0.9168176988938191,0.37024832981682476,0.12589746303150193,0.057512132250639794,0.7843202862876776,0.8202511727710559,0.10171800385385575,0.5855867651578512,0.9576882571696446,59
gray_crowned_rosy_finch,0.7399166705134803,0.08175809017991784,0.5021902563191855,0.9169328627822958,0.4383847467983846,0.11505667337143116,0.21525390774975778,0.7542346657818534,0.84541147592322,0.06648429124960316,0.5632946744184713,0.9359128749837324,59
gray_kingbird,0.7310981190247245,0.07352263337982856,0.4481555721765146,0.8637777713962994,0.43245967783372014,0.07587569696768776,0.22478389955675318,0.6403097025789052,0.9106475905571513,0.08126706909820884,0.37877360545908095,0.9642607355371907,59
great_crested_flycatcher,0.7479019293520369,0.09442987349545495,0.5638278100706884,0.9305622335913907,0.4561739291541446,0.1353353152545745,0.24942200155035482,0.8327686232618262,0.9061680884551442,0.06699019068432813,0.5610141738767183,0.9667068658287136,60
great_grey_shrike,0.7301692627176017,0.08432374909619171,0.49054041983028135,0.8990925986662294,0.4631195422598254,0.11499691264937736,0.22155910581974653,0.7660162478806413,0.8676947976223656,0.10623878435161417,0.18432044487026258,0.9538635248054261,60
green_jay,0.7386023175140958,0.10393616787520012,0.5449142715149508,0.991958793300722,0.45031370287555966,0.1402735740966499,0.1782228482980978,1.0,0.8817156407848418,0.08748093375658347,0.4813844777942102,0.9657269652718043,57
green_kingfisher,0.6993448137209985,0.07566152881669916,0.5354175070592981,0.8774503146362442,0.4284317601949096,0.09087727463104713,0.1988401414532935,0.6751340547943562,0.8709218717999957,0.04882889162752191,0.7492694629583752,0.9438886998847823,60
green_tailed_towhee,0.6974034383780319,0.09110002001586806,0.5257210937950383,0.9135073422306208,0.42998871026255875,0.1393479568031954,0.22134302441303358,0.8265024482301311,0.8038554828572515,0.11299094754333074,0.48908177971823197,0.9346755637392359,60
green_violetear,0.7306554711153149,0.10051911726334264,0.45778782790982053,0.8706394258421066,0.4314560227366148,0.08488240666443289,0.23627060821082677,0.6042293635194985,0.8888919157558758,0.11720467036301427,0.3628929824557901,0.9677936253047482,60
groove_billed_ani,0.7370031770202723,0.11273023356598412,0.46750569386633156,0.8955176933158584,0.4138420276485077,0.10893279642996916,0.21120529542513153,0.6889612712507547,0.9075951752593869,0.11424780192491482,0.25457522642768127,0.9837829019764841,60
harris_sparrow,0.7326637434420571,0.08568014491759045,0.5300291623550282,0.9621980820500577,0.45263910223569376,0.11567415996286573,0.25047019693516437,0.8247204031652119,0.7618399603827831,0.14448200330299313,0.3518374066260067,0.9377996709478239,60
heermann_gull,0.6635356795134956,0.06387187702143506,0.5397801935252659,0.8278596531469906,0.3419949930924122,0.06210484892428285,0.20875053802643628,0.466069552684539,0.8082120915940528,0.09217099940705241,0.39676705995040035,0.9689194520897297,60
henslow_sparrow,0.7322020540016092,0.08175027953202606,0.49274613073120294,0.9113200809427449,0.45654185606877035,0.10038558676457811,0.19554811415201773,0.6971243040885428,0.8114129413693681,0.1183750806338332,0.4150055562094523,0.9366560499953718,60
herring_gull,0.6563004435935373,0.08767735693622986,0.4308363316335775,0.8450662212146521,0.3406680377920146,0.08234091173004682,0.1568436150490943,0.5436900397504187,0.8248375206462979,0.0840382656279029,0.5485132846675674,0.954543259425613,60
hooded_merganser,0.7884309914755361,0.06793925162412555,0.6556358958434991,0.9854577604341331,0.45832162662249437,0.12153520881691944,0.21490193704840763,1.0,0.8326486407186716,0.14912514834809365,0.17211784073955375,0.9529362889211275,60
hooded_oriole,0.7255788665382347,0.09477685266769358,0.5058784512063677,0.8817409260582956,0.4138794695987524,0.10990534680047022,0.18058857145857066,0.6875084941254238,0.8991622514283079,0.05159819638419009,0.7494628851014724,0.9733445433564489,60
hooded_warbler,0.7585140178903969,0.08093370813884002,0.5543978131532401,0.9613494580559718,0.48882398542909944,0.142486034241003,0.2365364410737335,0.8179499391290885,0.8202360474620293,0.08494132363722535,0.5549246056913396,0.9393840465586352,60
horned_grebe,0.7607686732356722,0.07447937672969007,0.5505809137919455,0.9148600550072804,0.4437023786083389,0.09665051809544188,0.23077026903722764,0.6711920304610663,0.8673437915591062,0.0850711604581093,0.39300975300920576,0.9481546010886016,60
horned_lark,0.7343164248655513,0.06282199211060757,0.6034990609864584,0.9026932282930323,0.4312226617221908,0.08870274385200265,0.26508874791271564,0.6882775829023614,0.8330500709402213,0.07904648048113641,0.3927524088854957,0.9262506825062694,60
horned_puffin,0.8338750845491769,0.07689513134974542,0.5866821160879169,0.983771282746521,0.6218590564456224,0.1445781978375869,0.2949332916705752,1.0,0.7864418854163697,0.1267545592102425,0.32832784004340393,0.9552842231929616,60
house_sparrow,0.7760995333641811,0.08715405538260981,0.6261752622670912,0.9957023619250577,0.5108688160665318,0.14722083866363625,0.2520573467482272,0.9785712050081806,0.8039206935049766,0.10677225339953866,0.48182662460557474,0.9576197609080312,60
house_wren,0.7505726409249416,0.08807784253657823,0.5694041790470233,0.9559804357492219,0.49522638180226236,0.15248792847287118,0.23457206645605608,1.0,0.7680852997733765,0.1244107221736879,0.4126147538708784,0.9412810292148002,59
indigo_bunting,0.7613274664701127,0.07318034245254851,0.5867918097685028,0.90905599231831,0.4524976501975485,0.10045468899354461,0.24158271963501285,0.61240972495904,0.8607976841470892,0.10304589459567544,0.2992110292448157,0.9485203471170661,60
ivory_gull,0.6780372555012162,0.07335579625088465,0.30942823044374523,0.7844357976653696,0.37344668932054653,0.07551723650093269,0.18976891789160397,0.5805932696730977,0.8034487901190007,0.10761885175577048,0.40551009189853676,0.9503302006362074,60
kentucky_warbler,0.7637313438742153,0.10633661767302618,0.49772108628220546,0.9970843563661873,0.5187652656829518,0.18195589468122794,0.20868498290934953,0.9063475948507791,0.7600166043002486,0.11678843569206729,0.38260048654705797,0.9191513387172968,59
laysan_albatross,0.6894315860878457,0.14542274002767427,0.3761961518814916,0.9815666891193184,0.4186537483702455,0.16838327349628224,0.16514224431550537,0.8200165349372871,0.817728297747255,0.1348645882125817,0.4418235853612813,0.9942956124032463,60
lazuli_bunting,0.759168913648663,0.09159634921899622,0.4846733879185298,0.9748935445409641,0.4501283299018447,0.13569375379703924,0.06567379180401099,0.8879614672635329,0.8665954097379184,0.09035309323107973,0.3842642950880715,0.9676332617951814,58
le_conte_sparrow,0.7429085595219946,0.07028715381320655,0.5383686408695214,0.8811717608184533,0.48635335263056595,0.10702532816514185,0.2293549660004393,0.7068863803056533,0.7641524466642298,0.12681277512527522,0.2876711131811017,0.9211810568270159,59
least_auklet,0.8115579453671329,0.07467293295851539,0.6612131749096649,0.9567186275363581,0.5908633031517259,0.15868917166343396,0.0986771656134989,1.0,0.8189604653431527,0.08300620602439042,0.6061243725353314,0.9067654859853338,41
least_flycatcher,0.7984457390892571,0.07919682151026154,0.6018613696346715,0.9645216772433426,0.5015424274589971,0.13658329128293603,0.229558168705569,0.8695941811590271,0.8760271171322389,0.09639739343245889,0.3007805495719972,0.9546042240649323,59
least_tern,0.6616002170858297,0.13464853230526944,0.23410723621788046,0.9268561010875715,0.3815081154435656,0.15972385714252543,0.09524220990227517,0.8013507143287389,0.8219059176956622,0.10240856351753441,0.4980527531453666,0.9575781445307113,60
lincoln_sparrow,0.7288459142206191,0.07989194471478617,0.5360378042152304,0.9346380940583839,0.4759704006589488,0.11853483659153835,0.23911013371313278,0.9115602154354566,0.7403174198112166,0.10881131047925255,0.4737877538359928,0.9281626412951784,59
loggerhead_shrike,0.7270469443053276,0.06628487476176267,0.5726549827906793,0.8820348980093389,0.4458712350289759,0.10525891758800689,0.22606120897988694,0.6622587536455733,0.8630109509596748,0.07686593738739493,0.6715061257300623,0.9615237547506215,60
long_tailed_jaeger,0.5552006695982589,0.10113610491382552,0.2599536549399621,0.7817794368794112,0.29168540247350755,0.07288397292572561,0.15409982421216278,0.44376045582985046,0.8108077180416994,0.1284226630028609,0.35811303492932783,0.9819875051535369,60
louisiana_waterthrush,0.7165573433790068,0.09840325997157186,0.5096319421216288,0.965243422089176,0.45135674003262977,0.14642421154185567,0.21715685385783173,0.9576653852447572,0.7283880753705092,0.10544024288408099,0.4516180656052126,0.8926241941231736,60
magnolia_warbler,0.7592130307406003,0.07452081060676137,0.633341234515877,0.9327176149686558,0.48330317694358027,0.1545202274561275,0.17573896926725224,0.9680727944242087,0.7760719872974539,0.10719541493224843,0.4474459311951393,0.9298611337329199,59
mallard,0.7797532722103624,0.07764393549518135,0.6381176084436831,0.9701739280179095,0.4665213809167461,0.14437300469903797,0.18930956737132457,1.0,0.8090329932465246,0.09956953893411855,0.517625164151825,0.9480383979709122,60
mangrove_cuckoo,0.7469191946458058,0.08298766653779761,0.5383581724896164,0.908912222624528,0.4257271136645408,0.09446493143104448,0.26786729980422047,0.6947938035789475,0.9221045642783903,0.08018481675006017,0.5951478490366645,0.9758955193040906,53
marsh_wren,0.7338141495663305,0.10161170832077654,0.5143657574234664,0.9742600821665129,0.47424068897985533,0.1668895061134624,0.23164366997731295,1.0,0.6738795782005642,0.15211078115953988,0.21403919380054628,0.9294154032381932,60
mockingbird,0.6523972465089796,0.09607295554001714,0.44799049104821337,0.8607362700626949,0.3526846583253798,0.10597676175503913,0.16817316045700434,0.6014789141803657,0.8324670319969258,0.08554790006285554,0.5897930130586875,0.9526154631550522,60
mourning_warbler,0.7986840929028006,0.10542591734453745,0.5611037197183879,0.9849741021214038,0.5654005918108143,0.18316368326388077,0.2066901138166717,0.9589536547194171,0.7879446417665193,0.11884930624052895,0.462409575654782,0.9527882597882313,60
myrtle_warbler,0.7786135394950265,0.08395364420391672,0.43657930691839525,0.9313455356557108,0.5145287559058018,0.13831324843916146,0.20496076179388747,0.8540236155369196,0.8153882185542061,0.10411169192284182,0.2924907887182926,0.949069108265854,60
nashville_warbler,0.7767010046442493,0.08504180598496826,0.6097875185493208,0.9863682604272634,0.5478346487803397,0.15323503439997951,0.33485368939479676,0.8859004721033062,0.8171929528639644,0.07961488274094498,0.5692442531100729,0.9420528455895772,60
nelson_sharp_tailed_sparrow,0.7358370860527172,0.08578626678311627,0.5203287653449521,0.9416374031401457,0.4628938398111336,0.13463012780804423,0.1754281852103472,0.8560544480513843,0.8237964847557756,0.0881249947872002,0.48531136310759937,0.9330576489673966,59
nighthawk,0.764367364097081,0.08870467465941356,0.5422686472676298,0.9442132862150532,0.48472618328183076,0.11827488408485541,0.2763808501172148,0.8043240425866874,0.8722493169969519,0.1001783286212758,0.5254898400601263,0.973847484215513,60
northern_flicker,0.7423055049594485,0.07656049496425348,0.6008140492834245,0.9067497704981399,0.4245781409935747,0.10642817465890307,0.23489243727279152,0.7525121148101294,0.8824374631455058,0.08348945669513207,0.42983268129843893,0.9519431742837827,60
northern_fulmar,0.7103166353855433,0.12324975441255862,0.19694053287407556,0.9121242434004171,0.4286445246610912,0.12617247733109346,0.10482102263943908,0.7868677480584598,0.837092508460257,0.1117877848640189,0.4022273001844198,0.9933990095199458,60
northern_waterthrush,0.7758555805546449,0.11510610398938309,0.5153914579600837,0.9941802291151907,0.5364663846447101,0.1987472421886982,0.18737136292155276,1.0,0.7541657204686572,0.11036526427841575,0.4264076652882139,0.8907466235167151,60
olive_sided_flycatcher,0.7850956974789843,0.08858754208933017,0.5710315514140919,0.9772349868663386,0.48720337250498286,0.12334660214827127,0.07333384175110665,0.8222547767991311,0.9123473843442007,0.05448713757796574,0.6679858118310427,0.9607659518345428,60
orange_crowned_warbler,0.7792342575090417,0.09023921016350195,0.4628499825393891,0.9708171809582881,0.5493304539114376,0.15261913502252722,0.23992719959571124,0.95043782112855,0.780973237040669,0.11319152644789969,0.4343280222671218,0.9240198594585729,60
orchard_oriole,0.70954046881569,0.0821735191714288,0.5748193148081723,0.8542980698238583,0.38868213530119294,0.08868264896890284,0.21342923616907533,0.5840389916665776,0.8698315923123193,0.09738626968158776,0.3508539616189184,0.9647011180518759,59
ovenbird,0.7290509754998005,0.07933006567595581,0.5600825317485688,0.9003809321455131,0.4139720176843825,0.12519392095247078,0.17410297521470497,0.7699668986694496,0.7821952263775022,0.09928953078262782,0.4183678803084978,0.9479149734622269,60
pacific_loon,0.7602362825916472,0.07639907265919685,0.5918895599654875,0.9419935702852121,0.42193192449746364,0.10252862501734786,0.25732017389676864,0.7232268671698949,0.8762830610377674,0.10416667884598638,0.4984612310211728,0.9843241073011604,60
painted_bunting,0.7636754349374274,0.09286092973860358,0.5625665776772446,0.9928514694201748,0.47836722078846217,0.14595208573854285,0.23746918724889296,1.0,0.8364092185943872,0.09131862347031522,0.5532792276073928,0.9580687627871426,58
palm_warbler,0.7750282770617646,0.09271419426948968,0.5517037120613788,0.974366965329178,0.5376022642214239,0.1711152439376559,0.23857873894698808,0.886838848209696,0.7878267041614687,0.09942759429268576,0.5678351718073429,0.96008313621675,60
parakeet_auklet,0.8154274256466273,0.08162671270356822,0.6669774905668561,0.9668758632387506,0.5877126321821026,0.13672630759323723,0.36475533935157206,0.8865651240145728,0.8458749205005431,0.06135860339595347,0.6683557626224544,0.9342824722734606,53
pelagic_cormorant,0.643761686922865,0.08483541125054696,0.4717068715092164,0.8206959554854248,0.33439787994530534,0.07252971390514536,0.21702574331489963,0.5172842762113476,0.8798688787745554,0.1141764420874298,0.45174464337901754,0.9681113124868581,60
philadelphia_vireo,0.7856463954061564,0.06279741255139842,0.6226195533718761,0.9105644859813085,0.5034980249624086,0.10335454942424295,0.29879669597982084,0.7143188504980024,0.8174193364673312,0.11453827629301315,0.40549159150966957,0.9458562528563789,59
pied_billed_grebe,0.7450474158635065,0.08192725326290227,0.514962689437649,0.8895102587139478,0.4564610222186233,0.0829087277782509,0.283618896710821,0.6491707746919614,0.8238097730135535,0.09225355018176085,0.5334490195654639,0.9600692292940531,60
pied_kingfisher,0.7098698552611455,0.05929289419573314,0.5672299553924467,0.8365780398264545,0.41922217890984026,0.0762178572745111,0.2528715546779703,0.5953220340114547,0.8749631870332092,0.06581257927565361,0.5870742387656394,0.9500203296461655,60
pigeon_guillemot,0.7359411968508343,0.09648962302872797,0.49989737548969737,0.9207369909244311,0.4415046749639732,0.1354414013894622,0.22240583921887902,0.7291536212457961,0.8419410408603928,0.09048778157089911,0.5343110926506434,0.9723696272218654,58
pileated_woodpecker,0.7022161922941327,0.0812027760641387,0.5468286450551116,0.860089951792303,0.3618394224604584,0.09464510618658416,0.1996059328472001,0.6545524131848562,0.9046868760038371,0.03939495852273063,0.7374966355207664,0.9585316567324963,60
pine_grosbeak,0.7803997824760626,0.07686266238813688,0.6118571928324329,0.9617861743237441,0.48472386025728215,0.12902757415501956,0.17800749424607445,0.8377538854320529,0.8739252529117233,0.0851840347189145,0.3645613015787455,0.9577683999011488,60
pine_warbler,0.804611108866207,0.09006947985972485,0.5827977479428323,0.9702313769751693,0.5796520871579334,0.16781677260089128,0.19796047003534525,0.9552832506610883,0.7686890470165072,0.11495895640417945,0.4391362191814467,0.9525118097921338,60
pomarine_jaeger,0.6070401618005178,0.08890480977037514,0.3487111422627525,0.8218067625794201,0.3268185505821005,0.07275781888479918,0.10686255330421773,0.572782999407718,0.813458245892712,0.1357036091957964,0.3399332874746564,0.9826194360438053,60
prairie_warbler,0.7708684080263949,0.09668201579466588,0.5698540578850688,0.9902506963788301,0.5364800831916726,0.1817135024990819,0.23240476337376142,0.982767528365215,0.796316729993056,0.10447890431086045,0.4810166598888253,0.9399360897404074,60
prothonotary_warbler,0.8180505966243286,0.08383072151330781,0.5950199107614067,0.9965863453815261,0.5750599848596664,0.14881072366104692,0.24641942300524486,1.0,0.7958690877193669,0.12182123918861129,0.23291607956963853,0.9401369358350896,60
purple_finch,0.7730729788967725,0.07141898847152107,0.6525111999786243,0.9463703610832498,0.49274077102880326,0.13099707335179941,0.24276761864545654,0.796925914638409,0.8282786405047644,0.08706098380054039,0.4693548170640092,0.9429029866428505,60
red_bellied_woodpecker,0.7070738928584294,0.07685739501729225,0.5789111635220126,0.9328818047563273,0.3606931942606658,0.08473601187289266,0.1950353982641358,0.6171355617877377,0.8979751340758209,0.04236174371971323,0.7528719089512544,0.9615368971100943,60
red_breasted_merganser,0.6918310826631219,0.08003519199639639,0.4074262461851475,0.8741053575766636,0.34212771349842674,0.08411740303380963,0.16797007713101356,0.6102659417114293,0.8620054572586215,0.10383099359492912,0.5209677148399221,0.9672891276818408,60
red_cockaded_woodpecker,0.760222506357071,0.0786713385956672,0.6086994440204949,0.9733170134638923,0.4054534273326276,0.12190807390598368,0.13512074920065043,0.6793673920009256,0.902113931388598,0.0491233024809667,0.7392221511976941,0.9567173156565427,58
red_eyed_vireo,0.7644905031434012,0.07280285249791195,0.5929165347987456,0.9019263660095418,0.47613167861529143,0.1165554565833477,0.29573415075666704,0.8001293232454887,0.8544038063441223,0.09509589617523415,0.3576715330375958,0.9558131204652451,60
red_faced_cormorant,0.7325524582457698,0.11229531998790032,0.47190795166821575,0.9410332119226708,0.4789684823745329,0.13221139719920494,0.21558507644341393,0.7445880435755892,0.865264085478652,0.09972805919831176,0.45761083775133393,0.978760980282623,52
red_headed_woodpecker,0.736659202959014,0.06304851230888352,0.5667053317218387,0.87236264884061,0.4068471205414013,0.09108257317034871,0.21100420768442837,0.5966407030250758,0.8816876669220028,0.0593366570867459,0.6444027734579114,0.9488078219489157,60
red_legged_kittiwake,0.7479576025475703,0.08653212368830313,0.49098833784898105,0.9484637669734535,0.4675819989942451,0.12182436464147325,0.20216315638988977,0.787910727801456,0.807169462782249,0.09627828380543761,0.5729340950290289,0.9841330911331069,53
red_winged_blackbird,0.7667136061936934,0.09230283310484068,0.5206768424710632,0.9605671245015507,0.45335352888046876,0.1399630298200887,0.09321518881351226,0.8302211013812194,0.8665371402362262,0.0849828095109593,0.4400492720003878,0.9448788686191284,60
rhinoceros_auklet,0.7754405439092075,0.07493424007905392,0.6439883148831488,0.9774143777403917,0.4986093419489983,0.12664878078278002,0.3229653970491483,1.0,0.7978240989757994,0.11639204244100243,0.48640199601421935,0.9515862191131588,48
ring_billed_gull,0.6709892449556791,0.0706936960226933,0.47649600514679674,0.8862954494389448,0.35680050803003593,0.09684754047868237,0.17772289846344425,0.6583403755138261,0.8117029881890745,0.10324590166146587,0.3561114005121058,0.9807142759957873,60
ringed_kingfisher,0.7436539161742293,0.06568668865777533,0.6126497163269594,0.8902317089075338,0.47125694183177996,0.0920483874611956,0.22478131055399295,0.6947080373787524,0.881934367391608,0.06761358346561944,0.6492558006214927,0.9507910420216721,60
rock_wren,0.7540963122469356,0.07546415122219974,0.5788362496401267,0.9402052849967242,0.4962197072047077,0.13924101904521308,0.2050092210163368,0.9415963890696095,0.8192112111371602,0.08756029491697316,0.5498186401493245,0.9338746972728562,60
rose_breasted_grosbeak,0.7713848294548438,0.06843300734841508,0.5959382151029748,0.923457596247197,0.47944223842545247,0.09798367415868027,0.29438102589482096,0.7401729609013195,0.8500950960297634,0.0797317489325043,0.5275280475738493,0.9533004050859484,60
ruby_throated_hummingbird,0.6452715010645466,0.08870592689691845,0.44114170179114454,0.8633719532714773,0.3648425362474704,0.07996614868339441,0.1879372352352717,0.5755290758662749,0.7764867307401364,0.15818102577923532,0.25007662951429915,0.9428073950648242,60
rufous_hummingbird,0.6284199486270431,0.09403353793227415,0.4530513771272203,0.8601417749247011,0.3649555029698629,0.0885053693596498,0.21448177642431854,0.6252907187697562,0.7240057361988441,0.1786952249593222,0.27611194027934377,0.9475346343667292,60
rusty_blackbird,0.7206264827100137,0.11107927275240478,0.5241589010228253,0.9534735824578362,0.4293057924757589,0.17050307688939478,0.07630167684962266,0.7928839379974927,0.8355195963139277,0.09062064557801812,0.4771848541567828,0.9560037027051753,60
sage_thrasher,0.7113370444501228,0.1051444974885647,0.4778589218624678,0.9046514624404072,0.457666950987236,0.14451938142469573,0.2391550072773748,0.7622841529884075,0.8294466977350456,0.08295798775828624,0.4366987860060014,0.9400991847422017,60
savannah_sparrow,0.7597479246018058,0.07525734589125554,0.5916036874013786,0.9331556428421126,0.4898796761773488,0.12243773170496444,0.2666828366701995,0.8188408734849623,0.8083710694004819,0.10126409732129464,0.39080980413516464,0.9497078402340638,60
sayornis,0.7454825488367642,0.09394725700637722,0.36846457193741255,0.897955600150508,0.47690035902508054,0.0989379519865755,0.2685600684489415,0.7128726351252386,0.8828260459244412,0.0718087161055331,0.6433753369259884,0.9596933907167877,60
scarlet_tanager,0.8150816280538545,0.08343561962099988,0.6565519817002008,0.9891736951724991,0.5627825029888279,0.15659003350312023,0.31719182712124666,0.9335886923266672,0.8619289090288318,0.07895356625227667,0.5556835382979679,0.9502711317374027,60
scissor_tailed_flycatcher,0.5785681779821008,0.08715058329906748,0.4179829168235597,0.7804332082428073,0.27623859274998,0.08427493169718098,0.13471980133013817,0.46506449358824975,0.9455877481904696,0.054489056882208266,0.684020503621075,0.9900693578839185,60
scott_oriole,0.7214259006036187,0.08414025952134713,0.5772371294634784,0.917940187822712,0.40286697895591,0.10329831025164297,0.17430906148049946,0.6204881940612481,0.8647736257130663,0.07445241833833588,0.6301705280771324,0.9580211312599265,60
seaside_sparrow,0.7247300452378488,0.09821437995398104,0.5320529401620969,0.8916501499212278,0.42222520094218613,0.11315909725405858,0.24077760164119424,0.6973152816214172,0.8302369378784413,0.09721923120691557,0.551591470211156,0.9554334639940587,60
shiny_cowbird,0.6745258670439404,0.08579840237876409,0.49162604372797913,0.8619815059445178,0.3677367076040986,0.08635678811225615,0.22737639141769794,0.5689669145229727,0.8385757369088224,0.08538576950660405,0.6037303755072361,0.9561389156003752,60
slaty_backed_gull,0.7084726042593578,0.09816606442162808,0.3834477442090966,0.9213619760402565,0.41042299629839485,0.11080429483075077,0.21934838900616083,0.7217697710780338,0.7783883566135814,0.12570952621179704,0.3352847448120148,0.9354230274689829,50
song_sparrow,0.7248581241879706,0.08063248122819473,0.5652850316701856,0.8810330336449074,0.43383863095372804,0.11759877317689782,0.20818592930540614,0.7615456615088761,0.7882586974291347,0.11135916244929606,0.46219832078262835,0.9428368304749969,60
sooty_albatross,0.6291224865035393,0.15091568073877154,0.3203980405104501,0.9464096838641438,0.3726734670361647,0.15983053074852313,0.14135945696804064,0.9476674314584501,0.8263010330761524,0.14276329732116616,0.3324593323796286,0.9862681470304825,58
spotted_catbird,0.7791886722545186,0.08767151001431313,0.6292951363599579,0.9396343168632395,0.47253255763557533,0.13873208669903325,0.24976479632174609,0.7596908241868593,0.8381057752807318,0.1169631911976971,0.22803561476185025,0.9532162944298047,45
summer_tanager,0.8108139240955305,0.07549569716308685,0.645676816480395,0.9439707517864676,0.5379829347262967,0.13313928311752396,0.2591065976051654,0.8975754860148291,0.8884287699259256,0.1016506259009927,0.19199945733113777,0.9564775511409334,60
swainson_warbler,0.7974090897719551,0.09391956772951937,0.5910678009141697,0.9617430629076318,0.5555426172900543,0.15929158996549633,0.2925771588713277,0.882786327818419,0.790213407027986,0.11101441775552394,0.47300602299252315,0.9642194256109848,56
tennessee_warbler,0.7773664523784154,0.08215744227828603,0.6040502516545794,0.9377262289339509,0.5239700068489749,0.13536805025352472,0.18768615776759795,0.8344893411915095,0.7914552424260821,0.10015836294657098,0.3937820937026526,0.948865765113814,59
tree_sparrow,0.7641227731473296,0.06791986849972775,0.5745300980861028,0.9181902696002479,0.48991283528894236,0.1087281088420931,0.3144673147403615,0.8263972862736645,0.7859513921939445,0.11151472977102055,0.37403360657557866,0.9386642477894421,60
tree_swallow,0.8263271988043415,0.08608960395817652,0.6338639652677279,0.9620221750206203,0.5901829380939753,0.16664525718533155,0.2720567411381364,0.9934525601547743,0.8594330583296764,0.09308144542641492,0.48741206901848866,0.9552053082804323,60
tropical_kingbird,0.7234502804542191,0.07909667688873107,0.5054245503812268,0.8968602742627204,0.40254997879108423,0.09331771973574296,0.20638744611612236,0.6031813804297729,0.9215346429807413,0.03629359404978419,0.7947936427863068,0.9701461682558462,60
vermilion_flycatcher,0.7668279790060508,0.0840258343708398,0.4842271293375394,0.9371718269056672,0.4787594462947647,0.13626071958529723,0.17120112257190281,0.819380723006959,0.8487264400947846,0.09839146020794926,0.442985095698314,0.9444521461873052,60
vesper_sparrow,0.7736858234273107,0.07373283297070518,0.6371544800250339,0.9146810529996503,0.49596589243972544,0.12631148881344673,0.299956542268603,0.797651087125735,0.8219882574561576,0.11830663095468523,0.22645517773360052,0.9359364741422052,60
warbling_vireo,0.7529489116714141,0.06589899518215035,0.5677885270472817,0.9055332887998219,0.45113781479667286,0.09594130261267689,0.23362908841478883,0.7062407608510823,0.8585238416798068,0.08002006182720753,0.594361364771967,0.9440349266991029,60
western_grebe,0.6336096784901307,0.09249002206479719,0.3600608662783372,0.9203631707063832,0.3283506239508902,0.09775942863212671,0.17471268196518874,0.8911288132198631,0.8709573442279349,0.09935775281912218,0.4731478633418104,0.9719928842578133,60
western_gull,0.6658119624199857,0.05526799999275561,0.5770217757900139,0.8659777297124088,0.35354131351678453,0.06947555293709672,0.22684625164116953,0.5436362752831585,0.7890884965986261,0.07559641200332562,0.6081912953002261,0.9415543715355528,60
western_meadowlark,0.7188574876236173,0.07384353045066444,0.5562785596783038,0.8856821307990497,0.39560002561399965,0.11266652521046583,0.2301591907048472,0.7524715859405976,0.8402610818885063,0.06940063324900465,0.6258406739994081,0.9392361147556948,60
western_wood_pewee,0.7998127370358007,0.05780368691524241,0.6122236128493951,0.9171580303799446,0.4790525852765146,0.10669658656906092,0.14983875907586786,0.728014901310952,0.919876233396216,0.0716177424058095,0.5261908979765915,0.9678367709533959,60
whip_poor_will,0.8647508154673446,0.0670857253257078,0.6561412665274878,0.9768317516425251,0.6249897327874384,0.1439168579858254,0.3347988799976116,1.0,0.8644584461298592,0.09309689961041782,0.501502819971251,0.9672160729912503,49
white_breasted_kingfisher,0.7085845985359004,0.061127698265710836,0.5399556048834628,0.8311029636419187,0.40338011536910084,0.075651684488605,0.2302421069151605,0.5961969730196333,0.9064667650177483,0.03080163494199121,0.7815456567983166,0.9571777558903566,60
white_breasted_nuthatch,0.7360123060624719,0.07249620464810456,0.5745217038386393,0.9544513928368391,0.41201029579977116,0.11057541625196587,0.23176500461311603,0.9043822143790864,0.824511883614048,0.07987458521510477,0.5735654155648084,0.9177569453300817,60
white_crowned_sparrow,0.7460807721159609,0.08887128682047093,0.5681376914205633,0.9252585451358457,0.4582629847724488,0.12125402155749881,0.2404421506409558,0.775430939279292,0.784538506671096,0.10016157785414814,0.4259854109873612,0.9366056435666702,60
white_eyed_vireo,0.7242375120999398,0.07948016624110317,0.5603714836721722,0.8718953282081608,0.43201889425209333,0.11084281333147764,0.2424482103899447,0.7516168656724261,0.8245874068843403,0.09298618279453677,0.572930939695343,0.9476310356343077,60
white_necked_raven,0.7736924805624857,0.09685651052800759,0.56898571093933,0.9825161146653988,0.511061872379935,0.16681556172268402,0.21153940154940507,0.9180741580672286,0.8334465805340157,0.10340314393836227,0.4947589306131815,0.9916087042119374,60
white_pelican,0.7351216933889116,0.0976711144125869,0.476716716081876,0.9388700126201339,0.3917909965600019,0.11035261844946902,0.2098343199418365,0.7929639245816502,0.8174563356729214,0.13071853477161177,0.3263678994139948,0.9718546228445811,50
white_throated_sparrow,0.7525477913422023,0.08091961428557841,0.5474681334390418,0.9350475639093241,0.4814527259616987,0.12800927889871425,0.24580766912107951,0.7706312837276531,0.7644703424803183,0.11473030676044574,0.28685965467819763,0.9128890764770164,60
wilson_warbler,0.7786251983095094,0.08822046779154416,0.6087970267522177,0.9839310283889373,0.5225744685114182,0.15865749572649848,0.25326631760667656,1.0,0.8023072975361077,0.101834941881976,0.5024269844540519,0.9338734232971289,60
winter_wren,0.7419141275713131,0.05825196271510598,0.6315884070995282,0.8676594189658323,0.46988795155192076,0.09392590574261597,0.2857827346067644,0.7097140329369528,0.5850811129675115,0.14504339177855843,0.26577624508047837,0.8716637694838336,60
worm_eating_warbler,0.8102859980114854,0.10855123955016024,0.6202864468505545,0.9901011913192641,0.5782298824079586,0.18588150192571484,0.29507699341191895,1.0,0.803605477120321,0.12906940149642437,0.218737985543471,0.9420014595176811,59
yellow_bellied_flycatcher,0.8002147286986832,0.0928011249050972,0.35771363178975196,0.9803956558161206,0.49062168968864883,0.11351429667893292,0.23608317597150838,0.8134642554315922,0.903182025278591,0.03444320792359026,0.8003799663290236,0.9715511101320629,59
yellow_billed_cuckoo,0.7496809644271285,0.11052119194356302,0.3558140739973054,0.9845650140318054,0.4228681394185714,0.14235514503777089,0.1351507303994005,0.9261654053858779,0.9216296604402495,0.07031424969763914,0.5588049746763086,0.9785004609498414,59
yellow_breasted_chat,0.7394523411846761,0.08647288280906149,0.5257622899813317,0.9800835136966835,0.441596987623354,0.12085401118280194,0.252864972224288,0.9553201717518488,0.8655971370591342,0.08629044844737041,0.6417139402491782,0.9617020978158792,59
yellow_headed_blackbird,0.7465836159803914,0.09312813367913458,0.4694120157283507,0.9371147269598553,0.4358708293437535,0.12981974088788828,0.07415657345937417,0.7458885578593181,0.8437962951101289,0.12346767991686351,0.36123218802904533,0.9622090637375315,56
yellow_throated_vireo,0.7439485597992299,0.0718486578120349,0.6011086721976264,0.9072257112844467,0.44410422299085495,0.11252349327035996,0.19493292415292993,0.7615329830858961,0.8394429246569257,0.08365972954271429,0.5902777943862816,0.9530086637171971,59
yellow_warbler,0.7873695253946388,0.07865566218486987,0.661142149185348,0.9891591267535486,0.5102372980036121,0.14946670667856024,0.26037881969248416,0.9986010398363806,0.8103562607495112,0.11696710483484085,0.4743385397719315,0.9586199825598339,60
